-0.5051207772312098,0.015427235689913523,0.37668941905229913,0.004629824691687035,-0.08428247039372616,0.11888478047118456,0.43944924725637935,0.4853783369807019,0.6473810240655714,0.15787503804265413,0.8243899853633043,-22.63125983914538,56.53770576465391,-58.236241353037954,-0.9540938815942209,-0.189490106156655,3.6963041593725854
-0.5058912358014267,0.01658525307244148,0.3809996379899067,0.004529083566988857,-0.07704585702168476,0.1158017382527958,0.43102189376075795,0.72366133720414,-0.30830422183887596,-0.8427353495621404,1.1527966401622542,23.828300022343818,-95.56852459044474,-100.06103876047945,-0.9837227524790938,-0.17688346304891794,2.7622085721998166
-0.5066233065426955,0.01781278052951024,0.3852833035715095,0.004515810231075664,-0.07320707412687977,0.12275274570687604,0.4283665581602758,0.3838782894804993,0.695100745408024,-0.2655335600482145,0.83727872235782,-33.978304772364076,100.34049672469001,57.72017895139258,-1.0330440947685875,-0.16926299942664202,4.059671292938731
-0.5072960418157437,0.019052555544249176,0.389643954069855,0.004583108945191629,-0.06727352730482306,0.12397750147389343,0.4360650498345553,0.5933546822056712,0.12247557670173881,0.7698491674279495,0.979662077643778,20.947639272517193,-57.262516870628524,103.5382727476164,-1.0736314633021553,-0.15306731754000966,3.36421372270329
-0.507904509772507,0.020344719277260066,0.3939299546248551,0.00451771193468299,-0.060846795676328114,0.12921637330108904,0.4286000555000058,0.6426731628494942,0.5238871827195609,-0.7464994334549502,1.1156827410215562,4.931848064382294,40.14116060178221,-151.63486008828997,-1.1307061003100822,-0.14102399224155132,4.460589399801026
-0.5084496923188869,0.02171733435117943,0.3982014002475541,0.004519573415456682,-0.05451825463799187,0.13726150739193643,0.4271445622699044,0.6328541038336244,0.8045134090847395,-0.14554932301014123,1.033891071421414,-0.9819059015869769,28.06262263651785,60.09501104448089,-1.1927187574475964,-0.12694782230379614,5.059313867964857
-0.5089498802871646,0.023065292646952184,0.40241829227462733,0.004455261826059821,-0.050018796827766554,0.13479582957727532,0.42168920270732047,0.4499457810225316,-0.24656778146611158,-0.5455359562583917,0.7489034358900044,-18.29083228110928,-105.1081190550851,-39.998663324825046,-1.2154748732949996,-0.11806367281311547,1.9471596862019769
-0.509380505196019,0.024462397703112856,0.40663090287218945,0.004459083806878741,-0.04306249088543712,0.13971050561606724,0.42126105975621164,0.6956305942329433,0.4914676038791921,-0.042814295110882306,0.8528044284368334,24.56848132104117,73.80353853453036,50.27216611475094,-1.271809406503965,-0.10186897046487965,4.282679316643401
-0.5097583033913252,0.025832472430471914,0.4108477029795851,0.004449858355122866,-0.03777981953062559,0.13700747273590572,0.42168001073956685,0.528267135481153,-0.2703032880161521,0.04189509833552041,0.5948825373183757,-16.736345875179026,-76.17708918953441,8.470939344640271,-1.301732920116956,-0.08935499985045418,2.9709335126907095
-0.5100760512777154,0.027255373358591316,0.4150685106367379,0.004465515429290097,-0.03177478863901628,0.1422900928119402,0.422080765715277,0.6005030891609309,0.5282620076034472,0.0400754975710127,0.800793827570249,7.2235953679777865,79.85652956195993,-0.18196007645077117,-1.3510911120235598,-0.07513956811644831,3.931280886115433
-0.5036717748512927,0.06299532087418978,0.4957439037295449,0.004001437766382402,0.0838486447394704,0.18740326149147696,0.3434595526987494,0.5514089683111845,0.17453585440141417,-0.33699208940307646,0.6693864975676516,26.100129590145293,43.14664370588805,54.09606396689082,1.1500869888704233,0.23944599922208257,4.141015370699109
-0.502742429742606,0.06493976181034661,0.49919305890398563,0.004067087938883732,0.09293451086866966,0.19444409361568243,0.3449155174440721,0.908586612919926,0.7040832124205476,0.14559647453227242,1.15864625170324,35.71776446087416,52.954735801913344,48.258856393534884,1.1249439913086232,0.2631910919120003,5.724520360814398
-0.5017493476949914,0.06689125420970242,0.5026098644754486,0.00405821325846962,0.0993082047614613,0.19514923993558114,0.3416805571463011,0.6373693892791632,0.07051463198987085,-0.3234960297771039,0.7182351516016947,-27.121722364076284,-63.356858043067675,-46.90925043093763,1.1000672956230884,0.28285352217775644,4.3322515796255425
-0.5007095746404346,0.06884113648448288,0.5060333938166409,0.004074766501345771,0.10397730545567141,0.19498822747804623,0.34235293411922774,0.46691006942101154,-0.016101245753491478,0.06723769729266582,0.47200124044198055,-17.045931985815166,-8.661587774336232,39.07337270697697,1.080904547909908,0.294860444582861,2.656739087449927
-0.4996272987615126,0.0708137362344483,0.5093264642924377,0.003988330980526108,0.10822758789220677,0.19725997499654147,0.32930704757967444,0.42502824365353575,0.22717475184952374,-1.3045886539553297,1.3907584016679824,-4.188182576747579,24.32759976030152,-137.18263512479956,1.0689866579667608,0.3175319147712622,6.922726858079435
-0.49851417200401815,0.07277796106714404,0.5125883415123237,0.003966998029901205,0.11131267574944204,0.19642248326957462,0.32618772198860224,0.3085087857235269,-0.08374917269668436,-0.31193255910721973,0.44664697046679186,-11.651945793000884,-31.09239245462081,99.265609484811,1.055221878468195,0.3288616163410949,2.500191086870518
-0.4973576120896339,0.07474283185245446,0.5157469118139238,0.00389549924768025,0.11565599143842364,0.19648707853104214,0.3158570301600161,0.4343315688981608,0.006459526146751493,-1.0330691828586147,1.120677283517313,12.582278317463391,9.020869884343584,-72.1136623751395,1.0387873774773406,0.35100307269465747,5.738397213506582
-0.4961420776336002,0.0767630361684438,0.5188589752512459,0.0039043166277933916,0.12155344560337289,0.20202043159893296,0.31120634373220657,0.5897454164949245,0.5533353067890823,-0.4650686427809525,0.9328818041500525,15.541384759676369,54.68757806423308,56.80005400776622,1.029135934114965,0.3723662950242796,6.085078714498448
-0.4948569370565967,0.07878720990711591,0.521964530393291,0.003923434511658583,0.1285140577003463,0.20241737386721137,0.31055551420451355,0.6960612096973406,0.03969422682784107,-0.06508295276930198,0.7002232715569774,10.631579320241613,-51.36410799612412,39.99856900116505,1.0051121454600784,0.3923630392171456,4.365209470759873
-0.4934944044096934,0.08079838746475929,0.5251071163467874,0.003972049453035357,0.1362532646903336,0.20111775576433788,0.31425859534963685,0.7739206989987313,-0.129961810287349,0.3703081145123299,0.8677392581562312,7.785948930139064,-16.965603711519005,43.53910672816319,0.9753448576883097,0.4091075066981284,4.527604369442421
-0.5103522211426368,0.02873367803265868,0.41918819829072607,0.004385599260087811,-0.027616986492140505,0.14783046740673642,0.411968765398818,0.41578021468757775,0.5540374594796227,-1.011200031645898,1.2257064075189246,-18.47228744733531,2.577545187617547,-105.12755292169106,-1.386109948091308,-0.06693645396445247,4.875511037017118
-0.5105529238875656,0.03026389893004889,0.42328177425368185,0.0043748396257601305,-0.020070274492878237,0.15302208973902096,0.40935759629557866,0.7546711999262268,0.519162233228454,-0.261116910323933,0.952491514537512,33.8890985238649,-3.487522625116868,75.0083121321965,-1.440381430996323,-0.048989480325799285,4.950580533700174
-0.5107120042757048,0.031739616262163345,0.42738058618901076,0.004359278322771814,-0.01590803881392766,0.14757173321144554,0.40988119353289054,0.41622356789505766,-0.5450356527575417,0.05235972373118791,0.6877844589094302,-33.84476320311691,-106.41978859859957,31.347663405512094,-1.4634123144060647,-0.038791871261031986,3.5316180382037223
-0.5108045422749947,0.03329762056294081,0.43149493568206754,0.004400433209761311,-0.009253799928987672,0.15580043007774672,0.4114349493056779,0.6654238884939989,0.8228696866301177,0.15537557727873796,1.0696004125690692,24.920032059894126,136.79053393876595,10.301585354755005,-1.5114708096941567,-0.02248773473258244,5.07423413011933
-0.5108079443252656,0.034836770643686545,0.43557007143629733,0.004356113630336988,-0.0003402050270828738,0.15391500807457326,0.4075135754229797,0.8913594901904798,-0.18854220031734592,-0.3921373882698198,0.9918879136939888,22.593560169648086,-101.14118869474638,-54.75129655485578,-1.5685859869631735,-0.0008348309567240319,4.699811008876207
-0.5107802667688416,0.03646099834738546,0.43963941112154425,0.0043815986984796045,0.0027677556423966188,0.16242277036989175,0.406933968524692,0.31079606694794926,0.8507762295318494,-0.057960689828773226,0.9076198706133375,-58.05634232425305,103.93184298491953,33.41766984410466,1.5537575348473582,0.006801381006921986,4.5239450666141
-0.510713696280648,0.03805913520152146,0.44360722405976155,0.0042780851495886115,0.006657048819358469,0.1598136854135998,0.39678129382172966,0.388929317696185,-0.2609084956291946,-1.0152674702962328,1.1180819708307712,7.813325074823574,-111.1684725161044,-95.73067804674595,1.529165333224651,0.01677605371087941,2.3368481775174237
-0.5105760134356498,0.039741151583066396,0.44748721409075676,0.00423112967352863,0.013768284499815486,0.1682016381544936,0.3879990030995206,0.7111235680457018,0.8387952740893795,-0.8782290722209041,1.407323894545501,32.219425034951676,109.9703769718574,13.70383980753287,1.4891225881209251,0.03547047722963848,7.450701171649787
-0.510399963261099,0.04137215259666122,0.4513913402833194,0.004234779722460234,0.01760501745508014,0.16310010135948266,0.390412619256264,0.38367329552646545,-0.5101536795010936,0.24136161567434034,0.6824349081997279,-32.74502725192363,-134.8948953590473,111.95906878952444,1.4632726703781171,0.04506283449296524,3.798185595039527
-0.5101564770629623,0.043045776955456014,0.45529740575277666,0.004256483463461448,0.02434861981367442,0.1673624358794791,0.3906065469457265,0.6743602358594281,0.42623345199964413,0.019392768946246974,0.7980054904568757,29.06869403329626,93.63871315007377,-22.196884672809336,1.4263255345042498,0.06225486017645423,4.227548612351409
-0.4647394299161926,-0.001521829970108995,0.2935989279002282,0.0012636293136875077,-0.06759340164098071,0.00638157245371146,0.10657390868182848,-0.9474488121774538,0.690891351262054,0.9930249121375967,1.536583413639187,-21.308433334144006,146.62964348345608,20.24050173698999,-0.09413215505999387,-0.5652160050959215,42.423534908974936
-0.4655048736508651,-0.0014844237989566449,0.29483596797810263,0.0014551877840530845,-0.07654437346725218,0.0037406171152350133,0.12370400778744517,-0.895097182627147,-0.26409553384764467,1.7130099105616692,1.9507302148241377,5.235162955030681,-95.49868851096987,71.99849984240724,-0.04882976368242332,-0.5541070268788828,16.220180019811302
-0.466357823070014,-0.0013584034278190157,0.2961347066282464,0.0015588861173752848,-0.0852949419148874,0.012602037113762921,0.12987386501437936,-0.8750568447635221,0.8861419998527909,0.6169857226934194,1.3898357843565963,2.0040337863624913,115.02375337004355,-109.60241878682497,-0.14668540191341808,-0.5811072734655484,36.77340115720525
-0.46730903406655583,-0.0012353518292430106,0.29757029398421636,0.0017265153090763377,-0.09512109965418292,0.012305159857600506,0.14355873559699361,-0.9826157739295516,-0.029687725616241514,1.368487058261425,1.684984257747367,-10.75589291660295,-91.58297254690324,75.15013355680055,-0.12864863300863094,-0.585177485871312,5.448735008393528
-0.4683598426223974,-0.0011837474780893894,0.2990628291534946,0.0018260675950304143,-0.10508085558415536,0.005160435115362117,0.14925351692782196,-0.9959755929972447,-0.7144724742238389,0.5694781330828347,1.3515708055182525,-1.3359819067693124,-68.47847486075973,-79.90089251785903,-0.04906976237431475,-0.6134340652191685,26.648244406555396
-0.4694627558342708,-0.0010848333890631514,0.3007143368897459,0.001988386117641837,-0.11029132118733909,0.009891408902623806,0.16515077362513342,-0.5210465603183723,0.4730973787261689,1.5897256697311457,1.7385448952441,47.49290326788724,118.75698529500077,102.0247536648311,-0.08944508264077677,-0.588802028462815,15.092356414448476
-0.4706410312186588,-0.0009642863481044992,0.30242322714850306,0.0020792235057861637,-0.11782753843880278,0.01205470409586522,0.17088902587571453,-0.7536217251463695,0.21632951932414132,0.5738252250581111,0.9716066871201515,-23.257516482799723,-25.676785940202763,-101.59004446730346,-0.10195331101952135,-0.6036424040716734,7.7988347257234585
-0.4719339628847611,-0.0008133409410030397,0.3043417604252914,0.0023184535240714133,-0.12929316661022816,0.01509454071014595,0.19185332767883145,-1.146562817142538,0.3039836614280731,2.0964301803116925,2.408740720997336,-39.29410919961684,8.765414210393176,152.26049552535815,-0.11622050980948334,-0.5930050948171127,4.9496151309168175
-0.47329335239216636,-0.0007130103002070203,0.3063210524857019,0.0024032484538079406,-0.1359389507405273,0.010033064079601936,0.19792920604105313,-0.6645784130299148,-0.5061476630544015,0.6075878362221676,1.032963166141914,48.19844041126231,-81.01313244824746,-148.8842344089525,-0.07367208378922316,-0.6018158827825248,10.031249780453873
-0.47476357580682527,-0.0005929162845192183,0.3084066456685842,0.002554540738782712,-0.1470223414658911,0.012009401568780203,0.2085593182882317,-1.1083390725363795,0.19763374891782673,1.063011224717858,1.5483757497126713,-44.37606595064647,70.37814119722282,45.54233884956904,-0.08150324455829744,-0.6140354275629131,4.896507058894078
-0.49350094248345466,0.0051823105281821255,0.3380773802827153,0.003478349673914409,-0.15824517288827722,0.0838789824191017,0.298181062621522,0.39253788627013897,0.39488367156841203,0.8876975116756114,1.0478673477419984,-47.90807991245094,-18.14571147101484,70.94907875071499,-0.4874031810947803,-0.48790617570473094,6.606258445913875
-0.49500397277004493,0.006010441136315955,0.34119866081355427,0.0035619225846065554,-0.15030302865902678,0.08281306081338295,0.3121280530838988,0.7942144229250436,-0.10659216057187504,1.3946990462376796,1.6085160452584344,40.16765366549046,-50.1475832140287,50.70015345620682,-0.5035906955595009,-0.4487731526937223,10.702738562773312
-0.49641633598313695,0.0068982702542389664,0.3444711349982545,0.0036731590869246264,-0.1412363213092016,0.08878291179230113,0.3272474184700225,0.9066707349825176,0.5969850978918181,1.5119365386123684,1.8612885659052956,11.245631205747397,70.3577258463693,11.723749237468883,-0.5611928248985357,-0.40743815921678,10.88966189664921
-0.4977666926145846,0.007837196260240674,0.3478383701025376,0.003747441437081769,-0.1350356631447669,0.09389260060017074,0.3367235104283106,0.6200658164434714,0.5109688807869606,0.9476091958288135,1.2423904385794824,-28.660491853904624,-8.601621710485752,-56.43273427835549,-0.6075761338119043,-0.3813925440108595,7.020113243218093
-0.49901229204962855,0.008845266873726984,0.35143656569957604,0.003938874949640224,-0.12455994350439314,0.10080706134863102,0.3598195597038445,1.0475719640373748,0.6914460748460277,2.309604927553388,2.628645966203131,42.750614759390345,18.047719405906715,136.19957317245746,-0.6803893955789937,-0.3332617207104527,11.322221549078556
-0.500199628478472,0.009847206983147005,0.3552282054945861,0.004097582715849348,-0.1187336428843444,0.10019401094200214,0.3791639795010071,0.5826300620048741,-0.06130504066288733,1.9344419797162615,2.0212080224586115,-46.49419020325007,-75.27511155089151,-37.51629478371265,-0.7009159005515999,-0.3034731891661929,7.307597452510809
-0.5013463496462499,0.010873322523299917,0.35929137920244825,0.004344797247126196,-0.11467211677779199,0.10261155401529112,0.4063173707862133,0.40615261065524155,0.24175430732889802,2.715339128520622,2.7561697464287778,-17.647745134963255,30.305934799178534,78.08971488043603,-0.7299489910212771,-0.2750689198143207,6.268354058442893
-0.5024240583584647,0.011998368877233004,0.3636115403873736,0.004592491484000525,-0.10777087122147977,0.1125046353933087,0.4320161184925342,0.6901245556312219,0.9893081378017573,2.5698747706320857,2.8388833774104363,28.397194497598033,74.75538304728593,-14.546435788853618,-0.8068850536886601,-0.24447064723708056,6.396107730102179
-0.5033865899896373,0.013114278182896389,0.3679162216109758,0.004549945181681574,-0.09625316311725474,0.11159093056633852,0.43046812236022247,1.1517708104225033,-0.09137048269701742,-0.1547996132311713,1.1657132945566488,46.16462547912814,-108.06786204987748,-272.4674383863257,-0.8590592257545828,-0.2199825895509067,5.266554791117892
-0.5042779525272726,0.014238387885201678,0.37229492657973534,0.004607733390698291,-0.08913625376353318,0.11241097023052884,0.4378704968759528,0.7116909353721557,0.08200396641903224,0.7402374515730337,1.0301359729233257,-44.00798750503476,17.337444911604965,89.50370648042049,-0.9003691099169843,-0.20082359581732606,3.9911909670188663
-0.4763388229832628,-0.0002855768363239704,0.31059546945407607,0.0027141869440453488,-0.1575247176437533,0.030733944819524784,0.21888237854918446,-1.0502376177862205,1.872454325074458,1.0323060260952754,2.3821712752898225,5.810145475015904,167.48205761566314,-3.0705198622582586,-0.1926849475850404,-0.6238106097827567,23.270730199878795
-0.47795619437681464,-7.106861991682673e-05,0.31302074352091186,0.0029229879060393327,-0.16173713935518363,0.02145082164071437,0.2425274066835792,-0.42124217114303253,-0.9283123178810415,2.364502813439473,2.5748946155216044,62.899544664318796,-280.07666429554996,133.21967873441974,-0.13185814127235948,-0.588151600958666,16.987848167195658
-0.4796347524702956,0.0002461346741958518,0.31557932003401207,0.003076440959351297,-0.1678558093480942,0.03172032941126785,0.2558576513100208,-0.6118669992910553,1.0269507770553483,1.3330244626441612,1.7905204107531918,-19.062482814802273,195.526309493639,-103.14783507953118,-0.18677119621867133,-0.5806176308443042,9.500603723590322
-0.4813884055939147,0.00057959719149431,0.3181377692574441,0.0031196408378693294,-0.17536531236191366,0.03334625172984583,0.25584492234320133,-0.7509503013819474,0.16259223185779784,-0.0012728966819475218,0.7683516182530629,-13.908330209089215,-86.43585451975505,-133.42973593261087,-0.18790967473790693,-0.6008844253774823,6.483231481349936
-0.48317552450489737,0.0010224010386658904,0.3207954301915499,0.003233114735009243,-0.17871189109826546,0.04428038471715803,0.2657660934105799,-0.3346578736351802,1.0934132987312204,0.9921171067378554,1.5138840403776646,41.62924277467672,93.08210668734226,99.33900034198028,-0.24288369362288806,-0.5919892443464153,9.415821779724755
-0.48500142860666295,0.0015666174592882088,0.32361782959203234,0.003405295240821724,-0.18259041017655853,0.05442164206223184,0.2822399400482456,-0.38785190782930634,1.0141257345073804,1.6473846637665712,1.973006928069505,-5.319403419412616,-7.928756422383998,65.52675570287158,-0.2896697135042944,-0.57421633226481,8.094414982259583
-0.48682627096527664,0.0021102557972649738,0.32646678096445103,0.0034266771366318234,-0.18248423586136875,0.0543638337976765,0.28489513724186954,0.01061743151897776,-0.005780826455533544,0.2655197193623948,0.2657947877157377,39.84693393482841,-101.99065609629139,-138.18649444041765,-0.28953803601057604,-0.569689973906223,1.340416559755513
-0.48858791785101285,0.002802551868550613,0.3293273085788216,0.003430057118025607,-0.17616468857362122,0.06922960712856391,0.2860527614370556,0.6319547287747529,1.4865773330887406,0.11576241951860577,1.6194690130554539,62.13372972557751,149.2358159544274,-14.975729984378905,-0.3744420477667844,-0.551990173393245,13.75118523387982
-0.4902967852370621,0.0035442192469569327,0.3322025287814524,0.0034259581808468234,-0.1708867386049251,0.07416673784063198,0.28752202026308127,0.5277949968696127,0.4937130712068069,0.14692588260256656,0.7375007595789955,-10.415973190514016,-99.28642618819336,3.1163463083960785,-0.40947828771403855,-0.5362496574754371,6.2771303669376834
-0.4919184907545719,0.0043435207039911085,0.33509556965650006,0.00341152416222356,-0.1621705517509786,0.07993014570341758,0.2893040875047659,0.8716186853946484,0.5763407862785604,0.1782067241684615,1.0600214484604253,34.38236885250356,8.262771507175353,3.1280841565894946,-0.4579330418618816,-0.5109099332735584,9.041058736056387
-0.5098187399674352,0.0448194869414701,0.45920519371440915,0.004304755534668722,0.033773709552709086,0.1773709986014088,0.3907787961632492,0.9425089739034664,1.0008562721929708,0.017224921752267974,1.3748938655059695,26.814873804403838,57.46228201933267,-0.2167847193979,1.3826359874961018,0.086212438024147,6.907287223754266
-0.5094385154344108,0.04655520047392078,0.463036619010442,0.0042233981533034036,0.03802245330244425,0.17357135324506806,0.38314252960328643,0.4248743749735162,-0.3799645356340753,-0.7636266559962746,0.9528992352797893,-51.76345989299502,-138.0820807827046,-78.08515777485425,1.3551432829699295,0.09891454073808167,2.807892806242898
-0.5090072444667623,0.048310608446884534,0.46690064366330813,0.004265927603351736,0.04312709676485005,0.17554079729637517,0.3864024652866116,0.51046434624058,0.1969444051307112,0.3259935683325166,0.6368930476063305,8.55899712670638,57.69089407647865,108.96202243287911,1.329886405151206,0.11115183334715541,2.592074515030982
-0.5085623555681836,0.050079611571435784,0.4705329533849576,0.004064599869696867,0.044488889857863256,0.17690031245512494,0.36323097216494626,0.13617930930132083,0.1359515158749769,-2.317149312166533,2.32512549205937,-37.42850369392592,-6.099288925573432,-264.314288049905,1.3244145788139887,0.12187397657872068,7.212011458886142
-0.5080303389499226,0.051879682631282,0.47425989498439686,0.0041729355600383655,0.05320166182610775,0.18000710598462186,0.37269415994392596,0.8712771968244493,0.3106793529496915,0.9463187778979698,1.3233158517367711,73.50978875231284,17.47278370747146,326.3468090064503,1.2834242151876198,0.14179092360892842,4.306884399611109
-0.5074354248223836,0.053700280992217964,0.47795726915646575,0.004164021731363837,0.05949141275389813,0.18205983609359613,0.369737417206889,0.6289750927790383,0.20527301089742767,-0.29567427370369437,0.7246861061656298,-24.230210404541097,-10.540634205226384,-124.19930516016642,1.2549657461335268,0.1595344200029443,4.152041435364017
-0.5067596495031439,0.055517085415428796,0.48168155088770626,0.00419853843711639,0.06757753192396798,0.18168044232108327,0.37242817312405085,0.808611917006985,-0.03793937725128649,0.26907559171618356,0.853050000134424,17.96368242279467,-24.321238814871414,56.47498654198779,1.2146950954677154,0.1794982202567444,4.40698756613843
-0.5060479116325736,0.05738243714206001,0.4852849234577946,0.004119514745612064,0.07117378705703281,0.18653517266312147,0.3603372570088359,0.35962551330648296,0.4854730342038205,-1.2090916115214956,1.3516349735826099,-44.8986403700502,52.34124114551069,-147.81672032376792,1.2062895471214103,0.1950097365243122,6.522714452654129
-0.505293606849251,0.059264709229800386,0.4888410134666296,0.004093616991044227,0.07543047833226124,0.18822720877403748,0.3556090008835,0.425669127522843,0.16920361109160065,-0.47282561253358946,0.6583222068260041,6.604361421636007,-31.626942311221985,73.62659989879062,1.1896507775805578,0.20901827668012554,3.6230372675082547
-0.5045102612986874,0.061121288259275014,0.4923093082025574,0.00401118240915783,0.07833455505635856,0.18565790294746282,0.34682947359278016,0.29040767240973153,-0.2569305826574664,-0.8779527290719846,0.9597660834724724,-13.52614551131115,-42.613419374906705,-40.51271165383952,1.1715292517542628,0.22213189206648828,3.0861530475055288
-0.529406884043428,0.00987592633241157,0.5800103195257464,0.0029188753049869706,-0.10277272409854321,-0.22142039769416852,-0.16002845099215568,0.7499809944178093,0.7817987420439043,-1.3144155594513318,1.7033405496192224,-21.208078314294276,86.52684956929669,-115.24570969612124,1.1362361057327264,0.5708832109012963,19.928362024401515
-0.5303129446745458,0.007814894595372282,0.5784484437100291,0.00274011929522558,-0.09060606311178665,-0.20610317370392886,-0.15618758157173174,1.2166660986756561,1.531722399023966,0.38408694204239424,1.9934825513121133,46.66851042578468,74.99236569800615,169.8502501493726,1.1566119849023953,0.525666508291176,12.127991396692389
-0.5311394046174663,0.0057189724972985965,0.5767739967373978,0.002807080002885549,-0.0826459942920521,-0.20959220980736853,-0.1674446972631305,0.7960068819734545,-0.34890361034396744,-1.1257115691398756,1.4221769307493062,-42.06592167022016,-188.06260093679333,-150.97985111822697,1.19519774728331,0.45849190325056566,15.727817243962047
-0.53191354339077,0.0037555850122840007,0.5750234964629792,0.0027419760150999887,-0.07741387733036786,-0.19633874850145958,-0.1750500274418587,0.5232116961684241,1.3253461305908958,-0.760533017872822,1.615148078708092,-27.279518580503037,167.42497409348633,36.517855126705356,1.1952243612609978,0.41638082035135476,19.884971162119037
-0.5326535480466488,0.0017780297414694357,0.5732046550377728,0.002786846940521761,-0.07400046558787565,-0.1977555270814565,-0.18188414252063856,0.34134117424922117,-0.1416778579996919,-0.6834115078779845,0.7769412473187909,-18.187052191920294,-146.70239885905877,7.712150999483747,1.2127256700526403,0.3864018216690286,8.100171793830533
-0.5333917281563221,-0.00022206657605396314,0.5712424153149755,0.0028975299624700293,-0.07381801096733032,-0.20000963175233988,-0.19622397227972987,0.01824546205453359,-0.22541046708833834,-1.4339829759091316,1.4517058761180845,-32.30957121946876,-8.373260908864644,-75.0571468031147,1.2172326617004119,0.35981584799330135,10.971207651189085
-0.5340550369716215,-0.002134292087958496,0.5692350206337659,0.0028506522760556813,-0.06633088152994127,-0.19122255119045325,-0.20073946812096954,0.7487129437389051,0.8787080561886623,-0.45154958412396695,1.2395950738267565,73.04674816843715,110.41185232770005,98.24333917851646,1.236905570133701,0.3191377035675083,14.234230273269233
-0.5346381344786382,-0.00400294155661187,0.5671242021561098,0.0028787858873146107,-0.05830975070166833,-0.1868649468653374,-0.211081847765604,0.8021130828272938,0.4357604325115866,-1.034237964463447,1.379463924618141,5.34001390883887,-44.29476236770757,-58.268838033948,1.2683285755243112,0.26952086870720615,16.211124813988043
-0.5351338768723437,-0.005909165452300863,0.5649035279040552,0.0029683066208111004,-0.049574239370553386,-0.1906223895688993,-0.2220674252054633,0.8735511331114942,-0.3757442703561903,-1.0985577439859284,1.452964024240564,7.143805028420047,-81.15047028677769,-6.431977952248147,1.3163672492283542,0.21963822159541216,12.789007629252547
-0.5355060568805468,-0.007607200042021911,0.5626323910461819,0.002860052806083423,-0.03721800082030491,-0.1698034589721048,-0.22711368578732793,1.2356238550248477,2.081893059679449,-0.5046260581864637,2.4729926165778844,36.20727219133535,245.76373300356394,59.393168579946476,1.3550256106670107,0.16243014667942904,27.671550361316374
-0.5358443155264881,-0.009256955264326282,0.5601563362961128,0.002994487991362504,-0.033825864594139166,-0.16497552223043713,-0.24760547500690677,0.3392136226165743,0.48279367416676766,-2.0491789219578838,2.1324375413550993,-89.64102324082734,-159.9099385512681,-154.45528637714202,1.3685635111760477,0.13577147777233184,18.033613166936455
-0.5361569133496105,-0.010997261255616713,0.5575415792288418,0.0031564753861206916,-0.03125978231223181,-0.1740305991290431,-0.26147570672709897,0.2566082281907356,-0.9055076898605963,-1.3870231720192194,1.676193675829294,-8.26053944258387,-138.8301364027364,66.21557499386643,1.3930692267797555,0.11898665377540298,4.211850429040686
-0.5364202288521112,-0.012719022627371191,0.5546988868390322,0.0033338712179993577,-0.02633155025006939,-0.17217613717544783,-0.2842692389809609,0.49282320621624187,0.185446195359526,-2.2793532253861937,2.33938370731204,23.62149780255063,109.09538852201223,-89.23300533669742,1.4190383831913413,0.09236534503498689,13.347324028208918
-0.5366515300978933,-0.01447467176712211,0.5515501613344561,0.00361251663959859,-0.023130124578218947,-0.17556491397509189,-0.3148725504576122,0.3201425671850444,-0.33887767996440554,-3.0603311476651296,3.0956350041100227,-17.268063903119746,-52.43238753239315,-78.09779222789359,1.4398038880336024,0.0733269825147779,9.925212938929253
-0.5367910085719361,-0.016181105445421153,0.548148780682635,0.0038079864077669497,-0.013947847404272018,-0.17064336782990422,-0.3401380651821162,0.9182277173946929,0.49215461451876663,-2.5265514724504,2.7329143141571905,59.80851502096485,83.10322944831722,53.37796752147295,1.4892407992119532,0.040983467639666,12.824738823419267
-0.536807394784591,-0.017965337755952614,0.5445486590932741,0.004018037942092098,-0.0016386212654984078,-0.17842323105314617,-0.36001215893608496,1.230922613877361,-0.7779863223241951,-1.9874093753968758,2.463783518187749,31.269489648266813,-127.01409368429617,53.914209705352434,1.5616126841220892,0.00455154057800233,7.763445125239377
-0.5367598236494251,-0.019964851061751714,0.5404892499899641,0.004525386032263441,0.004757113516595801,-0.1999513305799099,-0.4059409103310041,0.6395734782094209,-2.1528099526763738,-4.592875139491914,5.112547992276866,-59.13491356679401,-137.48236303521784,-260.54657640950387,-1.5470094569937123,-0.011718197527518811,2.9024452895293664
-0.5366562675696969,-0.022288992282370405,0.5359144997168167,0.005132318807000342,0.010355607972822867,-0.23241412206186918,-0.45747502731473544,0.5598494456227066,-3.246279148195927,-5.153411698373134,6.116323392586824,-7.972403258671434,-109.34691955195532,-56.053655888121945,-1.526269070723208,-0.022632579115047496,2.697637214673079
-0.5365035494411872,-0.024764996506841733,0.5308319259260774,0.005655658766641185,0.015271812850969901,-0.24760042244713273,-0.5082573790739287,0.49162048781470347,-1.5186300385263556,-5.078235175919321,5.323194567165291,-6.822895780800309,172.76491096695713,7.517652245381257,-1.509195096729603,-0.03003836232318171,2.8994725869243854
-0.5362397626427886,-0.02754660186930985,0.5253073568693724,0.006190942991970112,0.026378679839855756,-0.27816053624681175,-0.5524569056705064,1.1106866988885855,-3.056011379967902,-4.419952659657778,5.487149716491906,61.906621107388204,-153.73813414415463,65.82825162615435,-1.4762465111948593,-0.04771170444146313,3.0087878483896757
-0.4849164556130098,0.09068055911935487,0.557490396043485,0.0034576138034013025,-0.05054389795445258,-0.12416228256721673,0.31871613404718113,-2.9902620397476154,-6.201055435557517,2.1838024001541445,7.222447542497766,130.65151822327925,22.029355277286555,38.44738925729008,1.1842020217719753,-0.1572761959297167,46.03620689291673
-0.4857956852649887,0.08891510488185836,0.5606140130737991,0.0036941652369217714,-0.08792296519788967,-0.17654542374965082,0.3123617030314052,-3.737906724343709,-5.238314118243409,-0.635443101577593,6.466503646996937,-74.76446845960938,96.27413173141086,-281.92455017317377,1.108734819515071,-0.27437877809888933,42.51350016419963
-0.4869727771526763,0.0867778100355611,0.563581990578182,0.0038421953410247025,-0.11770918876876091,-0.21372948462972524,0.2967977504382935,-2.978622357087124,-3.718406088007442,-1.5563952593111718,5.012095488383712,75.92843672565851,151.99080302359667,-92.09521577335788,1.0673858286644788,-0.37756958429092835,31.74176043215209
-0.4883742775847614,0.08433681023487238,0.5662744739537546,0.0038951444409459175,-0.140150043208509,-0.2440999800688723,0.26924833755725963,-2.244085443974808,-3.037049543914705,-2.7549412881033852,4.674322508444284,73.45369131123158,68.13565440927371,-119.85460287922133,1.049600957004321,-0.4799311505549008,30.346688641244288
-0.4899020562903261,0.08168661308156597,0.5689294962226144,0.004050530332278917,-0.1527778705564753,-0.2650197153306416,0.2655022268859719,-1.2627827347966303,-2.091973526176932,-0.3746110671287717,2.4721057665765356,98.13027091781778,94.50760177377728,238.03302209746136,1.0478524671932818,-0.5221571615286444,11.488664013400722
-0.49142578195912967,0.07886709341380778,0.5715985353724957,0.004170755453661305,-0.1523725668803544,-0.28195196677581885,0.2669039149881369,0.0405303676120905,-1.6932251445177238,0.14016881021650107,1.6995003371824753,130.33131024087209,39.874838165920835,51.477987734527275,1.0753377090409475,-0.5187394290631372,6.804400737548563
-0.4929517745499724,0.0760112446994102,0.5741410486780709,0.00411690407659204,-0.15259925908427396,-0.2855848714397577,0.25425133055752,-0.022669220391957623,-0.36329046639388407,-1.2652584430616898,1.3165761596902612,-6.319958800404812,132.99346781238395,-140.54272532781908,1.0800560300091777,-0.5405596368348321,7.133859460494076
-0.4944941713912132,0.07314517584098704,0.5766292279695753,0.004096873796416455,-0.15423968412408007,-0.28660688584231653,0.24881792915043555,-0.16404250398061038,-0.10220144025588351,-0.5433401407084482,0.5766919333644972,-14.137328358865275,26.108902613800055,72.19183023532416,1.077090581931831,-0.5549160866789217,3.229773536015366
-0.4961288566371058,0.07018326503447794,0.5788658194642355,0.004055545954965987,-0.16346852458926087,-0.2961910806509094,0.22365914946602672,-0.9228840465180799,-0.958419480859285,-2.5158779684408827,2.846036685760461,-75.88415425374694,-85.62180406034014,-197.25378277324344,1.066493826492666,-0.6311531232102003,17.19714700884074
-0.49780217043597763,0.06712443651186663,0.5809791027371256,0.0040770549655005,-0.16733137988718116,-0.3058828522611315,0.21132832728900652,-0.3862855297920298,-0.9691771610222111,-1.2330822177020195,1.6152438316200786,53.65985167260501,-1.0757680162926109,128.27957507388632,1.0702254279124008,-0.6697255877253744,9.60344640242719
