time,x,y,z,qx,qy,qz,qw,white_button_state,grey_button_state
1708433760.9807649,0.08184077453613281,-0.0005691681504249573,-0.062458106994628906,-0.2344708260674935,0.8239387786986684,-0.12727395301821942,0.4999496737011734,0,0
1708433760.9890964,0.08090286254882813,-0.0005753389596939087,-0.06205479049682617,-0.23295055451414629,0.8265335562889907,-0.12459343528013317,0.49704406479103114,0,0
1708433760.9974365,0.08014056396484374,-0.0005803543329238891,-0.0614048957824707,-0.23248685240530195,0.8285992946579515,-0.12218073630677044,0.4944137378798353,0,0
1708433761.005764,0.07938440704345703,-0.000512161374092102,-0.06060921859741211,-0.23041318061411128,0.8308665043462675,-0.1203603901792632,0.49202032760255165,0,0
1708433761.0140955,0.07855271911621094,-0.000480023592710495,-0.05964571762084961,-0.2302135466783402,0.8325904122435926,-0.11843066564234496,0.48966221610063,0,0
1708433761.0224183,0.07753117370605468,-0.00041079339385032655,-0.058451797485351564,-0.22983025551047812,0.8346556880748653,-0.11691437241236353,0.4866815871596676,0,0
1708433761.030763,0.07651862335205079,-0.00033985018730163573,-0.05738412475585938,-0.22932843761659888,0.8363047310106467,-0.1155606409478339,0.48440543008459047,0,0
1708433761.0390954,0.0754418716430664,-0.00022922277450561522,-0.05613979339599609,-0.2273451326347206,0.8376743064091267,-0.11439672490512248,0.4832487354607769,0,0
1708433761.047438,0.07439286041259766,-0.00015454043447971343,-0.054969581604003906,-0.2273246740089597,0.8390587309356656,-0.11337005316082702,0.48109371900475156,0,0
1708433761.055767,0.07323046112060547,-7.822611927986145e-05,-0.05385751724243164,-0.22659348222332676,0.8401819169300895,-0.1126747057784989,0.4796396132948309,0,0
1708433761.0640688,0.07188165283203125,-0.0,-0.05263086700439453,-0.22589213679166228,0.841485561150078,-0.11187284320659517,0.47786949158817255,0,0
1708433761.0724306,0.07067044067382812,8.03314745426178e-05,-0.05154068756103516,-0.22567695324225948,0.8422428551707981,-0.11104961828955577,0.47682793408113305,0,0
1708433761.0807624,0.06948876953125,0.00016260665655136108,-0.050293327331542965,-0.22527543994476387,0.8425021701934777,-0.11092976222982871,0.47658750123313626,0,0
1708433761.089096,0.06858356475830078,0.0002871677279472351,-0.04930498123168945,-0.22567333519263616,0.8420457892366933,-0.111766120740987,0.47701024196073993,0,0
1708433761.0974288,0.06738121795654296,0.0004151848256587982,-0.048121891021728515,-0.22708536830692228,0.8411689062270747,-0.11321550182700028,0.4775451489702542,0,0
1708433761.1057653,0.0662538299560547,0.0005877521038055419,-0.047092658996582035,-0.2294040279495855,0.8400554257155964,-0.1153957209205769,0.4778749977690423,0,0
1708433761.1140952,0.06478570556640625,0.0008943182229995728,-0.04603853988647461,-0.23277446830887683,0.8387161181026366,-0.119268867047369,0.47764657437617325,0,0
1708433761.122432,0.06335843658447265,0.0012088810205459594,-0.04509020233154297,-0.23735713789451615,0.8374652449669978,-0.12304131069215675,0.47662816249791534,0,0
1708433761.1307638,0.06202340316772461,0.0016615475416183472,-0.04406483840942383,-0.24138901570846222,0.8362421434329912,-0.12715197837283823,0.4756708814287105,0,0
1708433761.1391044,0.060593780517578126,0.002215774059295654,-0.04293128204345703,-0.2460495309339297,0.8344704330530791,-0.13161706610635499,0.4751796179113992,0,0
1708433761.1474462,0.058862331390380856,0.0029721293449401854,-0.041509044647216796,-0.25236673820127353,0.8331117688120675,-0.13658354205690537,0.47284325980481345,0,0
1708433761.1557622,0.057182361602783206,0.0037955706119537354,-0.04009148025512695,-0.25909198972069086,0.8317989866921943,-0.13999372541743788,0.4705141250036276,0,0
1708433761.164096,0.05524626159667969,0.004839796543121338,-0.03840356063842774,-0.267195752117053,0.8301622415445215,-0.1434907584957053,0.4678113730185747,0,0
1708433761.172431,0.053773712158203125,0.005705459594726563,-0.03709011840820312,-0.27318887395815233,0.8287603037684141,-0.14524972475561734,0.46629038281810675,0,0
1708433761.180761,0.05171221160888672,0.00686638593673706,-0.03534597396850586,-0.2808299495724323,0.827101137504515,-0.1466027816714429,0.46426917112700516,0,0
1708433761.1890976,0.049716339111328126,0.008110417366027831,-0.03358943176269531,-0.28855811921515284,0.8252090001522903,-0.14628571791125303,0.462995481043282,0,0
1708433761.1974304,0.048094287872314456,0.009314977645874023,-0.0319470329284668,-0.29611964265543167,0.8227638628892049,-0.14535327203736656,0.46286631458074134,0,0
1708433761.205766,0.04663663482666015,0.010788528442382813,-0.030037540435791016,-0.30340823799927963,0.8197488437739249,-0.14485927412967864,0.46364973463170167,0,0
1708433761.2140818,0.04558518600463867,0.012103893280029298,-0.02837618637084961,-0.3100279896667234,0.8168205004230289,-0.14348199777473425,0.46486539338822913,0,0
1708433761.2224317,0.04431828308105469,0.014033900260925294,-0.02602250862121582,-0.3169126243048672,0.814118442333864,-0.1418261368318115,0.46547061455035554,0,0
1708433761.2307649,0.04336410522460937,0.015862327575683594,-0.023770498275756835,-0.3249575589474929,0.8108519336268204,-0.1404124378472682,0.46605371468940443,0,0
1708433761.2390966,0.04244422149658203,0.017876600265502928,-0.021191221237182617,-0.3337608446049621,0.8065785806731118,-0.13895217782006525,0.46768257383656137,0,0
1708433761.247429,0.04162585830688476,0.019483758926391603,-0.019135601043701173,-0.34109460365736927,0.8031926343693035,-0.13749145245762817,0.46864930504951124,0,0
1708433761.2557633,0.04060340118408203,0.02141922187805176,-0.016544855117797852,-0.3512439970963765,0.7974997436962493,-0.13581995187018003,0.4713541681753656,0,0
1708433761.2641006,0.03965824890136719,0.023049446105957033,-0.01427676010131836,-0.35970331835568176,0.7923700769316335,-0.13342299133565358,0.47430105438603043,0,0
1708433761.272429,0.038704063415527346,0.024764169692993165,-0.011854814529418946,-0.3686386497816825,0.7852921107400842,-0.1321132709739604,0.47954972536826956,0,0
1708433761.2807639,0.03759198379516602,0.02642857551574707,-0.009333884239196778,-0.3768677930109652,0.7794190982588437,-0.1304688295485618,0.48317121734411456,0,0
1708433761.2890983,0.03669150161743164,0.027626407623291015,-0.007408059120178222,-0.3839763240313119,0.774802467721885,-0.12958801735546785,0.4852321709084566,0,0
1708433761.2974281,0.03567724227905274,0.029209081649780273,-0.0048097939491271976,-0.39214671857419797,0.7684712637347929,-0.12858276885449058,0.48901874699857795,0,0
1708433761.3057764,0.0348311882019043,0.03054874038696289,-0.0024882369041442872,-0.3987436752509746,0.7628162742358848,-0.12815838198923338,0.49263602195517625,0,0
1708433761.314096,0.03393797302246094,0.031976984024047854,0.0002793463170528412,-0.4056928169409761,0.757096539822461,-0.12653311151528732,0.4961930643496749,0,0
1708433761.32243,0.03328886032104492,0.033071781158447264,0.0026588335037231446,-0.4113561198773632,0.751404988945177,-0.12679827376494782,0.5000988855032106,0,0
1708433761.3307638,0.032497802734375,0.03409562683105469,0.004924430847167969,-0.41714813892179103,0.7458212222294575,-0.1266489169361847,0.5036846161407263,0,0
1708433761.3390958,0.03186317253112793,0.03491189575195312,0.0070332508087158204,-0.422729865356423,0.739715642367825,-0.1272809638248791,0.507858061580534,0,0
1708433761.34743,0.031171926498413084,0.03563010787963867,0.009360696792602539,-0.4291891055947782,0.7318162700309594,-0.12957853629908483,0.5132748461894313,0,0
1708433761.3557696,0.030595779418945312,0.0362638931274414,0.011164106369018555,-0.43416797617197633,0.7248295302263051,-0.13230182069861313,0.5182822853609358,0,0
1708433761.3640952,0.030034269332885742,0.03683775329589844,0.012925560951232911,-0.43959920016595155,0.7166004888950684,-0.13714872814839402,0.5238573255372271,0,0
1708433761.3724306,0.02972312545776367,0.03722602081298828,0.014101722717285155,-0.4432035514463759,0.7088750515563454,-0.14262051928707628,0.529835959604758,0,0
1708433761.3807628,0.029365142822265624,0.037506027221679686,0.01495841121673584,-0.4475395511842911,0.7003674482122602,-0.1487049758700602,0.5357990672247798,0,0
1708433761.3890998,0.029155094146728514,0.037685546875,0.015327210426330567,-0.45090858787006377,0.691679334627064,-0.1555756631679025,0.5422705555151915,0,0
1708433761.3974304,0.028975833892822267,0.03773408126831055,0.015375858306884765,-0.4554532554449846,0.681742262924157,-0.16351638391407114,0.5486822384088174,0,0
1708433761.4057658,0.028839181900024415,0.03770951461791992,0.015161975860595703,-0.4584058569666693,0.6737112390266387,-0.17126355262697,0.5537562873138419,0,0
1708433761.4140966,0.02876173973083496,0.03766886138916015,0.014685065269470214,-0.46089658307352366,0.6661161536977642,-0.17843751941888053,0.5585907864325277,0,0
1708433761.4224286,0.02884091567993164,0.03740142822265625,0.013806921005249023,-0.4645844300490756,0.6583274591724755,-0.18579479663904203,0.5623580236867834,0,0
1708433761.430761,0.02893429756164551,0.03694659042358398,0.012786508560180664,-0.4673311641893829,0.6509276286374927,-0.19344099388418015,0.5661054470170989,0,0
1708433761.4390986,0.029055866241455078,0.03630203247070313,0.011508086204528808,-0.4710438333450229,0.64365208410088,-0.1985761749905352,0.5695587821344321,0,0
1708433761.4474325,0.029233901977539063,0.03527985763549805,0.009773941993713378,-0.47527895083765304,0.6353793227413662,-0.20480599061555405,0.5731121269863472,0,0
1708433761.4557636,0.02938451385498047,0.034209579467773435,0.008014419555664062,-0.47875461689169707,0.628813492985756,-0.2110280962801042,0.5751997554069909,0,0
1708433761.4640946,0.02948944854736328,0.0329749755859375,0.0061701259613037105,-0.4828749858614911,0.6223369142996187,-0.21560953272409655,0.5770970788040536,0,0
1708433761.4724278,0.02958245658874512,0.031689594268798825,0.004240300178527832,-0.4862277585003714,0.6172922589767844,-0.21899257092486632,0.5784246595988509,0,0
1708433761.4807632,0.029640039443969726,0.03006015396118164,0.001992573142051697,-0.489659506281928,0.612093488324348,-0.22255873649329155,0.5796919381673526,0,0
1708433761.4891093,0.029600067138671873,0.02857875061035156,-9.675475768744945e-06,-0.4918458478946383,0.6087362742483238,-0.2253237914995419,0.5803076646353772,0,0
1708433761.4974284,0.02948080062866211,0.026762760162353516,-0.0024656527042388916,-0.49534459585927154,0.6042785948399286,-0.22709009910322656,0.5813013018251453,0,0
1708433761.5057626,0.029389339447021483,0.025242666244506835,-0.00445963716506958,-0.49807374463771,0.6016103427779317,-0.22892587428726904,0.5810167893304067,0,0
1708433761.5141006,0.02927139663696289,0.02302537155151367,-0.007104995727539062,-0.5020685231865301,0.5975395356530865,-0.23093335565305936,0.5809849160242174,0,0
1708433761.522429,0.029172990798950197,0.020695919036865233,-0.009943157196044923,-0.5053730311146986,0.5938618377122232,-0.2342960133725026,0.5805442042232225,0,0
1708433761.530762,0.028856266021728517,0.01828670310974121,-0.01289093017578125,-0.5086197229739675,0.5915715948701065,-0.23577548336675275,0.5794470947896139,0,0
1708433761.5390947,0.02853340721130371,0.016052879333496094,-0.015547123908996582,-0.5117254957592547,0.5901156110312008,-0.23642441047501853,0.5779308689075705,0,0
1708433761.5474381,0.02826277542114258,0.013811781883239746,-0.018257225036621094,-0.5134800479280924,0.5893372244100126,-0.23783646251689414,0.576587969649016,0,0
1708433761.5557635,0.027836008071899412,0.011756495475769043,-0.020904420852661133,-0.5154522248024676,0.5900824683085605,-0.23850890890645632,0.5737814860285534,0,0
1708433761.5640767,0.02735494804382324,0.009639159202575683,-0.023742488861083984,-0.5166284191096443,0.5920020837863406,-0.23851881889952056,0.5707340739929757,0,0
1708433761.5724318,0.026885839462280275,0.007744319915771484,-0.026474374771118164,-0.5169488934350179,0.594506369240069,-0.2388768994839068,0.5676828795743429,0,0
1708433761.5807683,0.02635422134399414,0.006193104267120361,-0.028925865173339844,-0.5172647307266058,0.5978005780847451,-0.23916116561652984,0.5638027734436557,0,0
1708433761.5890942,0.02578602409362793,0.004808838844299316,-0.031372451782226564,-0.5174334055825748,0.6008481993922421,-0.23891114123225682,0.5605047721868067,0,0
1708433761.5974286,0.025250747680664064,0.0035312516689300537,-0.03388681411743164,-0.5169562127896029,0.6038740204900162,-0.23911039899127176,0.5576007894052294,0,0
1708433761.6057632,0.024600099563598633,0.0022463552951812746,-0.03680644989013672,-0.5165560383171888,0.6076636130098079,-0.23935858334348548,0.5537348410746697,0,0
1708433761.6140957,0.02406181526184082,0.00124598491191864,-0.03939193725585938,-0.516132691679131,0.6117872197921916,-0.2389676824026433,0.5497434761569712,0,0
1708433761.6224306,0.023396602630615236,0.0001788141131401062,-0.042333240509033206,-0.5161069996982851,0.6155076623916491,-0.23879312183093673,0.5456754607804909,0,0
1708433761.6307352,0.022947271347045897,-0.000657688319683075,-0.04458579635620117,-0.5160847371142694,0.6186995354092508,-0.23782466539658473,0.5425005547678875,0,0
1708433761.6390946,0.02240591621398926,-0.001800452709197998,-0.04736233901977539,-0.5169803013721548,0.6222797713037943,-0.2362217153200572,0.5382365433103331,0,0
1708433761.6474366,0.022084058761596678,-0.002947474002838135,-0.0496019172668457,-0.5177047732113539,0.6252523208110776,-0.23445465422252956,0.5348572678965358,0,0
1708433761.655761,0.02173634338378906,-0.004221282005310059,-0.05189468383789062,-0.5186612212002026,0.6286668688742226,-0.23329646829037107,0.5304161076556504,0,0
1708433761.6640954,0.0215935001373291,-0.00543363094329834,-0.05358444976806641,-0.5195954431717247,0.6318439091490127,-0.23185329618954642,0.526343884775006,0,0
1708433761.6724312,0.021391693115234374,-0.006530635833740235,-0.054941303253173826,-0.5203286299605167,0.6347833416383467,-0.23101454780679934,0.5224370950980682,0,0
1708433761.6807702,0.021189348220825195,-0.0076313791275024415,-0.05608273315429688,-0.5215975170274816,0.6384734489510464,-0.22950296250915247,0.5173162211545519,0,0
1708433761.6890974,0.020943099975585938,-0.00849528408050537,-0.05678582763671875,-0.5214773215099029,0.6419487762374644,-0.22821532160856875,0.5136934246866115,0,0
1708433761.6974313,0.020751375198364258,-0.009298206329345703,-0.057228736877441407,-0.5214755184081397,0.6458937866181611,-0.2267063384145132,0.5094003574518919,0,0
1708433761.705762,0.020635087966918944,-0.009793485641479492,-0.057309474945068356,-0.5201769273916342,0.6491289004401074,-0.22543899900582468,0.5071734258458259,0,0
1708433761.7140946,0.020197298049926756,-0.010434561729431153,-0.05721844100952148,-0.5197217470079872,0.6531054911755799,-0.22306645707422035,0.5035711540087777,0,0
1708433761.7224295,0.019851884841918944,-0.010888533592224121,-0.056873882293701175,-0.5183837917895793,0.6568490411511305,-0.2214913638185,0.5007685393016204,0,0
1708433761.730761,0.019303167343139648,-0.011483477592468263,-0.05621241760253906,-0.5183192940687118,0.6603640040388008,-0.2183618843163572,0.49757670153539574,0,0
1708433761.7390933,0.01883910369873047,-0.012014108657836914,-0.05534634399414062,-0.5176594238156363,0.66343669890916,-0.21582604584067616,0.49527728274030136,0,0
1708433761.747427,0.018293630599975585,-0.012492752075195313,-0.05413150405883789,-0.5170609215864936,0.6669858210303103,-0.2130412082727063,0.49233255562029976,0,0
1708433761.7557704,0.017913244247436524,-0.012960543632507324,-0.052564167022705076,-0.5161570833876223,0.6702949476333735,-0.20979824322737398,0.49017471336366564,0,0
1708433761.7641037,0.017414155960083007,-0.013503888130187987,-0.05041484832763672,-0.5145209141286324,0.6742404775700316,-0.20639221874155772,0.4879244465401342,0,0
1708433761.7724297,0.017035993576049804,-0.013914113998413085,-0.04817870330810547,-0.5127645278986944,0.6776879784532658,-0.20386032947697005,0.4860581367803703,0,0
1708433761.7807624,0.016628293991088866,-0.01439212989807129,-0.04537660217285156,-0.5110216176509137,0.6810539555675599,-0.20117849425389006,0.4843032283047836,0,0
1708433761.7890956,0.016341217041015627,-0.014671673774719238,-0.04309608459472656,-0.5093412484517413,0.6835461906510164,-0.1992654688460729,0.48335224027479917,0,0
1708433761.7974315,0.0159563045501709,-0.014898591041564942,-0.03995643615722656,-0.5068389174241479,0.6862992524998298,-0.19791745808433236,0.48263478490237666,0,0
1708433761.805769,0.015588833808898925,-0.015124786376953124,-0.03669818496704102,-0.5040324689596453,0.688693393556628,-0.1968898205032453,0.4825837866677188,0,0
1708433761.8140733,0.01519510555267334,-0.015290968894958496,-0.03369534683227539,-0.5010520315060725,0.6910681470347598,-0.1960927195174523,0.482617145281747,0,0
1708433761.8224003,0.014782967567443848,-0.01539589500427246,-0.030227792739868163,-0.4986005453493486,0.6929847665707668,-0.1952346718165102,0.4827556719387118,0,0
1708433761.830753,0.014593100547790528,-0.015478793144226075,-0.027487295150756836,-0.4958735703684172,0.6942038967167173,-0.1950502593868061,0.4838860913673073,0,0
1708433761.8390982,0.014404458999633789,-0.01562568187713623,-0.02383860206604004,-0.4934674751233521,0.6949705893246353,-0.19506376318511467,0.48523794452034635,0,0
1708433761.8474379,0.014143074035644531,-0.015780349731445313,-0.02059134864807129,-0.4907413102331907,0.6961062935138911,-0.19474709883493294,0.4865003402417277,0,0
1708433761.8557763,0.013926276206970215,-0.015995050430297853,-0.01688618850708008,-0.4885075291814459,0.6968453420221147,-0.1946205270836686,0.4877395000023087,0,0
1708433761.8640935,0.01373939323425293,-0.01620720672607422,-0.013507769584655762,-0.4856493294854853,0.6972352236309648,-0.19548755045150593,0.48968601083740504,0,0
1708433761.8724303,0.013597899436950684,-0.016479415893554686,-0.010178829193115234,-0.48341805689591894,0.6971784979349366,-0.1966161084442488,0.4915193063554993,0,0
1708433761.88072,0.013479762077331543,-0.01674966049194336,-0.006834963321685791,-0.48107052265926636,0.696912507792641,-0.19793716826874558,0.4936648568453835,0,0
1708433761.8890972,0.013373052597045899,-0.017148136138916015,-0.0030543839931488036,-0.47831975581674185,0.6961965037937962,-0.19993413452322398,0.4965349757935707,0,0
1708433761.8974288,0.013322962760925292,-0.017411834716796876,0.0002584013342857361,-0.4749928425789403,0.6954986505245085,-0.2029662448279601,0.4994678598589228,0,0
1708433761.9057617,0.013186765670776366,-0.017620981216430662,0.0037056684494018556,-0.4707474448404265,0.6942686633143399,-0.2072707424500781,0.5034150235434958,0,0
1708433761.9140966,0.013186280250549316,-0.01781494140625,0.006575562000274658,-0.46765272095095456,0.6922316000215337,-0.2109802956000988,0.507546696423095,0,0
1708433761.9224308,0.013053707122802734,-0.017830163955688476,0.009296635627746581,-0.4633177251170434,0.690574922486908,-0.21547633909204877,0.5118719856132112,0,0
1708433761.930721,0.012957352638244629,-0.017905969619750977,0.011663247108459472,-0.46022394908468134,0.6877572223912453,-0.22021276383992136,0.516420594086873,0,0
1708433761.939095,0.012805940628051758,-0.017858610153198243,0.01383299732208252,-0.45662059099680913,0.6836656488900641,-0.2277719431556639,0.5217459661897202,0,0
1708433761.947429,0.01263499927520752,-0.01787823677062988,0.015361160278320312,-0.45436054310696167,0.6790518642242578,-0.23433594704455815,0.5268127867810126,0,0
1708433761.9557762,0.012571941375732422,-0.017820579528808594,0.016575742721557617,-0.4518211658740461,0.673233314962443,-0.24207894183173473,0.5329280666062998,0,0
1708433761.9640963,0.012586374282836914,-0.017754043579101562,0.01712100601196289,-0.44986243755286687,0.6684890637524291,-0.2482194720723297,0.5377111241565073,0,0
1708433761.9724307,0.012632716178894042,-0.017489358901977538,0.017444009780883788,-0.4463824609504178,0.6627281568437915,-0.2562475549938057,0.5439405179968151,0,0
1708433761.980763,0.012632567405700684,-0.017100452423095703,0.01747762680053711,-0.4428186676501379,0.6581749528401405,-0.2635656190761897,0.5488629254790981,0,0
1708433761.989052,0.012835455894470214,-0.0164312744140625,0.017232568740844726,-0.43839965522504437,0.653035425664876,-0.2713429861190469,0.5547282821329202,0,0
1708433761.9974296,0.013177294731140137,-0.015621323585510254,0.016580451965332033,-0.4334773076019994,0.6488187303222502,-0.27923819155561264,0.5596049688751719,0,0
1708433762.0057628,0.013605284690856933,-0.014550491333007813,0.015619207382202148,-0.42859583331418216,0.6449861001420327,-0.28629025163970007,0.5642131386822256,0,0
1708433762.0140958,0.01409610939025879,-0.013353302955627441,0.014382797241210938,-0.42411421661808657,0.6409934737973048,-0.29333591340890475,0.5685143205279591,0,0
1708433762.0223916,0.014661879539489745,-0.011841071128845216,0.012624256134033203,-0.4193699171778691,0.6361675626600162,-0.3021778925564969,0.5728073211065496,0,0
1708433762.030764,0.015087532043457032,-0.010287891387939454,0.010803448677062987,-0.4159730631107782,0.6320067991376347,-0.30971806988111,0.5758546256865246,0,0
1708433762.0390995,0.015536524772644044,-0.00849168300628662,0.00852170181274414,-0.41219176692739895,0.6279146175044322,-0.31732828773178534,0.5788989138685358,0,0
1708433762.0474176,0.01583043956756592,-0.00702914810180664,0.006669848442077637,-0.4099997511570374,0.6251973693388435,-0.3237595995192941,0.5798346270507463,0,0
1708433762.055722,0.016018482208251954,-0.005075599670410156,0.004020640850067139,-0.4080050401907531,0.6211733224989676,-0.3298737179873401,0.58211589284173,0,0
1708433762.0641,0.016157711029052734,-0.0030668988227844237,0.0012633833885192871,-0.40672143622817125,0.6187024835681493,-0.33574643549572003,0.5822879565980317,0,0
1708433762.0724294,0.016257131576538086,-0.0012508366107940674,-0.0013214461803436278,-0.4059465186184252,0.6165037395538884,-0.3387293321011451,0.5834320911116906,0,0
1708433762.0807614,0.01621859931945801,0.0010009146928787232,-0.004265575885772705,-0.4055743736469223,0.6152275675305614,-0.34192553751867766,0.5831735621354516,0,0
1708433762.0890968,0.016106201171875,0.003005309343338013,-0.006638535022735596,-0.40467752738003687,0.6154386681201935,-0.3440115620595715,0.582346455417996,0,0
1708433762.097431,0.015809792518615723,0.0057733960151672365,-0.009633540153503418,-0.4045054514737194,0.6164917644702462,-0.3448048309746103,0.580881115188925,0,0
1708433762.1057186,0.015399765014648438,0.008499282836914063,-0.012275933265686035,-0.4044795959221908,0.6182147045655463,-0.34473298011664977,0.579107947650063,0,0
1708433762.114095,0.014956114768981933,0.011628069877624513,-0.01538238525390625,-0.40442001753197854,0.6209334785248948,-0.34358509964424533,0.5769188390142832,0,0
1708433762.1224298,0.014504602432250976,0.014721250534057618,-0.0181871395111084,-0.405193403589217,0.6234723368146694,-0.341132391191841,0.5750906262880638,0,0
1708433762.130763,0.01409022045135498,0.017968276977539062,-0.021153209686279296,-0.40570570165826497,0.6266288591635774,-0.33835588255904864,0.572934924949161,0,0
1708433762.139107,0.01354295825958252,0.021201377868652345,-0.02433646774291992,-0.40697958400806217,0.6290152328786868,-0.3354987453590078,0.5710937353556849,0,0
1708433762.1474283,0.012931129455566407,0.024746706008911133,-0.02803316307067871,-0.4091666839902163,0.632490420175054,-0.33044401277999585,0.5686345442040426,0,0
1708433762.1557631,0.01229275894165039,0.027818326950073243,-0.031572864532470706,-0.41084679240906036,0.6354459163152903,-0.3259717808522631,0.5667061049006665,0,0
1708433762.1640968,0.011527783393859863,0.030557186126708984,-0.03520294952392578,-0.4148897307967812,0.6382501802162031,-0.32072274015954627,0.5635957269591603,0,0
1708433762.1724117,0.010769048690795898,0.03313347244262695,-0.03873708724975586,-0.42023515037417364,0.6405183992328203,-0.3147535621966693,0.5604184000143263,0,0
1708433762.1807618,0.009940142631530762,0.03569577026367188,-0.04270858383178711,-0.42737580029913774,0.6438582002193409,-0.30687090181029336,0.5555418765144001,0,0
1708433762.1891024,0.009325667381286621,0.037763233184814456,-0.045995830535888675,-0.4346681528029297,0.6461062942307014,-0.3012038920691314,0.550351210882489,0,0
1708433762.1974306,0.008853580474853516,0.03982067108154297,-0.04910381317138672,-0.44300953977602525,0.6485815561179837,-0.2951959358707833,0.544007240233903,0,0
1708433762.20572,0.008531477928161621,0.04158080673217773,-0.05194126129150391,-0.45155443046665955,0.650720670664622,-0.28838175609491806,0.5380494000185363,0,0
1708433762.2140956,0.008392964363098145,0.04274241256713867,-0.05385738754272461,-0.4579517835908069,0.6519201191544329,-0.28397340181948877,0.5335161022841759,0,0
1708433762.2224326,0.00830122184753418,0.043897106170654294,-0.05590195846557617,-0.46571040334479485,0.6528402502838715,-0.2797769978218429,0.5278619632915084,0,0
1708433762.2307625,0.008303117752075196,0.04467593765258789,-0.05737820053100586,-0.47273170590121877,0.6529601609668836,-0.27586077245061197,0.5235156080609308,0,0
1708433762.2390964,0.008289340019226075,0.04531895446777344,-0.05868894577026367,-0.47963098766818446,0.6537155378041211,-0.271381624781158,0.5186155902731736,0,0
1708433762.2474296,0.008355917930603028,0.04572678375244141,-0.05947322845458984,-0.4856301092738303,0.6539063648226012,-0.26815778751981234,0.5144523870321913,0,0
1708433762.2557602,0.008461517333984375,0.04605239486694336,-0.05993366241455078,-0.49015807019313984,0.6544015393577243,-0.2650373412112347,0.5111349153962823,0,0
1708433762.2641013,0.00846705150604248,0.046264469146728514,-0.060087875366210936,-0.4951573765117054,0.6549443918244908,-0.2620315813463063,0.5071552564793084,0,0
1708433762.2724354,0.008524244308471679,0.04646166610717774,-0.060087875366210936,-0.4997735706063025,0.6552046682401828,-0.25858730510869343,0.5040494052202765,0,0
1708433762.2807667,0.008531631469726563,0.046602092742919925,-0.059849277496337894,-0.50347342703526,0.6555988616528311,-0.2561684214726433,0.5010812015266222,0,0
1708433762.2890973,0.008408127784729004,0.04670947647094727,-0.05928761291503906,-0.506076208982325,0.6559116558883435,-0.25296340690412383,0.4996761728855467,0,0
1708433762.29743,0.008252805709838867,0.04675483703613281,-0.05860651397705078,-0.5086671127111644,0.6564641339547149,-0.25063148234700255,0.4974901658878496,0,0
1708433762.3057606,0.008112533569335938,0.04679579925537109,-0.057414283752441404,-0.51092927981639,0.6571209321010865,-0.2474680949833162,0.49588596983964234,0,0
1708433762.314076,0.007986667633056641,0.046832557678222655,-0.056053016662597654,-0.5133672175298316,0.65730019181051,-0.24478106319561474,0.49446213140183154,0,0
1708433762.3224294,0.007924965858459473,0.04677899551391602,-0.05420217132568359,-0.515036526215343,0.6574270214070904,-0.2420037353860784,0.4939243707315847,0,0
1708433762.3307638,0.007954329967498779,0.04662734222412109,-0.05227308654785156,-0.5170393689727389,0.6580996615992402,-0.2390449651521291,0.49237451546626393,0,0
1708433762.3390942,0.007991037368774413,0.046473682403564455,-0.050114368438720705,-0.518326610448286,0.6577406593557877,-0.23662878773762802,0.4926678171067528,0,0
1708433762.347431,0.0081024169921875,0.046227195739746096,-0.04781503295898438,-0.5184953498333955,0.6579584684352232,-0.2349008848679765,0.49302616314670333,0,0
1708433762.355766,0.008188512802124024,0.045917137145996094,-0.04510721206665039,-0.5190428716698662,0.6574199251779529,-0.23304166342953445,0.4940496966377766,0,0
1708433762.3640985,0.008359175682067871,0.04565469741821289,-0.04213242340087891,-0.5191995222747987,0.6575072824053096,-0.23141130308843308,0.494534974176634,0,0
1708433762.3724291,0.008484084129333496,0.04547690963745117,-0.03930216217041015,-0.5185444982813758,0.6579181039173572,-0.2297382083981833,0.4954550607263123,0,0
1708433762.3807642,0.008571113586425781,0.045239173889160156,-0.03628534317016602,-0.5182181454666585,0.6585173981473319,-0.2282800579640125,0.49567429119687584,0,0
1708433762.3890953,0.00874470329284668,0.045119140625,-0.03351625823974609,-0.5166328576430104,0.6589866164700162,-0.22761271446614662,0.49701063721241756,0,0
1708433762.3974297,0.008883002281188965,0.04486768341064453,-0.029809383392333983,-0.514695308081993,0.6601755468098892,-0.22641386330040383,0.4979896908783527,0,0
1708433762.4057648,0.009030993461608888,0.0446846809387207,-0.02638071632385254,-0.5125822012656024,0.660857846725276,-0.22537325503726566,0.49973321680913424,0,0
1708433762.414096,0.009196434020996094,0.04442657470703125,-0.02236960792541504,-0.5101683440745624,0.6617647833306428,-0.2239209243733447,0.5016523217830904,0,0
1708433762.422429,0.009301349639892579,0.044256328582763675,-0.019191047668457032,-0.5079503465024197,0.662304397845662,-0.22385688453690297,0.5032171066973122,0,0
1708433762.430762,0.009394437789916991,0.04401922988891602,-0.015051061630249024,-0.5042886915067633,0.6632640594306449,-0.2233505867668086,0.5058539309263934,0,0
1708433762.4390965,0.009498746871948242,0.04384971618652344,-0.01142080307006836,-0.5011058764119786,0.6635996700285488,-0.2223554205181284,0.509005326712996,0,0
1708433762.447433,0.009646135330200195,0.043809032440185545,-0.007409897327423096,-0.49676061786634035,0.6635739417872291,-0.22392635487994247,0.5125968102789548,0,0
1708433762.4557629,0.009754071235656738,0.04377923583984375,-0.004136698246002197,-0.4925417096056528,0.6629995881999595,-0.22619508879202063,0.5164010058827834,0,0
1708433762.464097,0.009846241950988769,0.04382394409179687,-0.0010652174949645995,-0.48959363838389197,0.6612352454497221,-0.22932188726958821,0.5200744792401587,0,0
1708433762.4724517,0.009893084526062012,0.044021480560302736,0.001771283268928528,-0.4864417035154326,0.6590383744458167,-0.23353203243056309,0.5239328826536792,0,0
1708433762.4807634,0.009924315452575683,0.044293621063232425,0.004591393947601319,-0.4833778624242615,0.6559952400700666,-0.2391353336722671,0.5280439236477039,0,0
1708433762.4890962,0.009821046829223632,0.04460375213623047,0.006710277557373047,-0.4802699333413369,0.6529337808310527,-0.2447645374470693,0.5320795166672192,0,0
1708433762.4974098,0.009783345222473145,0.0451073112487793,0.00903244113922119,-0.47837937078105425,0.6483155093048661,-0.25233638976644485,0.5358792054332987,0,0
1708433762.5057619,0.009841320991516113,0.045584396362304686,0.010481676101684571,-0.4767802094729681,0.6439728406733854,-0.2593545755745061,0.5391797693171387,0,0
1708433762.5140953,0.009896806716918945,0.046062660217285153,0.0115580472946167,-0.47520556715629153,0.6401508551681189,-0.2649330047169467,0.5423993780541225,0,0
1708433762.5224273,0.010015948295593262,0.04652270126342774,0.012402152061462402,-0.4736590857928267,0.6363066601473784,-0.27120086560608947,0.5451705939258258,0,0
1708433762.5307617,0.010257328033447265,0.04701728439331055,0.012982317924499512,-0.4724199467115752,0.6308954283995328,-0.27885079388848744,0.5486643765822645,0,0
1708433762.5390959,0.010466977119445801,0.04745000457763672,0.01312216567993164,-0.47163795913324486,0.6260071819104975,-0.28468671967275266,0.5519294530877293,0,0
1708433762.5474284,0.010604209899902343,0.047904258728027345,0.01312216567993164,-0.4707920829911747,0.622189459613597,-0.2905627493778635,0.5539028602087464,0,0
1708433762.5557604,0.010874886512756348,0.048317569732666016,0.012962235450744628,-0.4699082556643898,0.6176588115670459,-0.29651637864975705,0.5565625294897403,0,0
1708433762.5640974,0.011230304718017578,0.048774608612060545,0.01243633460998535,-0.4700591086102418,0.6128890293128755,-0.3027067396816825,0.5583727089157267,0,0
1708433762.5724277,0.011550430297851563,0.04902890396118164,0.011576679229736328,-0.46966917848281514,0.6081212369837891,-0.3073408093882787,0.5613742547270228,0,0
1708433762.580762,0.011904938697814942,0.04927138137817383,0.010317814826965333,-0.47009025135175647,0.6024124903925332,-0.3135861035256814,0.5637181010626094,0,0
1708433762.5890954,0.012218390464782715,0.04938445281982422,0.00869131374359131,-0.4704745373115535,0.5969344857248294,-0.31884702027646417,0.5662680407964901,0,0
1708433762.5974293,0.012364509582519532,0.04947938919067383,0.007051744937896729,-0.4711916815808914,0.5926002106531822,-0.3231513079717359,0.5677822056589645,0,0
1708433762.6057625,0.012614648818969726,0.049400043487548825,0.004584542751312256,-0.4724301435991873,0.5868567277567339,-0.3282144909196697,0.5698106595790305,0,0
1708433762.6140993,0.012811151504516602,0.04933771133422851,0.002176997661590576,-0.4734372827531157,0.5823297743138707,-0.33322462152789056,0.5707105495118766,0,0
1708433762.6224282,0.013017647743225098,0.04927220916748047,-0.0009449827075004578,-0.47536738720934973,0.5778444896830552,-0.33849985878476574,0.5705606267003883,0,0
1708433762.6307638,0.013068782806396484,0.04918572235107422,-0.0038955378532409667,-0.47726482504581536,0.5740107555787711,-0.3422201604913243,0.5706271208429147,0,0
1708433762.6390765,0.01299152946472168,0.04906964111328125,-0.006882148742675781,-0.47985385844894907,0.5710853112575168,-0.3453615937842752,0.5694973293192422,0,0
1708433762.6473927,0.012914155960083008,0.04895353317260742,-0.01002840518951416,-0.48373777051533723,0.5685104963865918,-0.3480197090577009,0.5671647468579686,0,0
1708433762.6557627,0.01272744083404541,0.04887169647216797,-0.01375027847290039,-0.4878608993585193,0.5665919026149571,-0.34906772357142674,0.5649045191981681,0,0
1708433762.6641037,0.01253059196472168,0.04879277038574219,-0.017094030380249023,-0.4916512067782535,0.5654581881818976,-0.35013315805508904,0.5620879843209314,0,0
1708433762.6724296,0.012249749183654785,0.04859892654418945,-0.02098910331726074,-0.4966147533423459,0.5647310453666614,-0.3494164499135183,0.5588924353009074,0,0
1708433762.680761,0.012048758506774903,0.04823882293701172,-0.024106822967529296,-0.5008430656007132,0.564149062759939,-0.3476622539306325,0.5567971093252371,0,0
1708433762.6890981,0.011896940231323242,0.047441421508789064,-0.028156957626342773,-0.5057820491616587,0.5634615150748196,-0.34512992261592534,0.5545998490618801,0,0
1708433762.6974287,0.011813347816467284,0.04641443252563476,-0.031773143768310544,-0.5113156331261994,0.5629337136552912,-0.3425707987385626,0.5516404558804681,0,0
1708433762.7057614,0.011853227615356446,0.04486648941040039,-0.03563827133178711,-0.5171325351764761,0.5624901087281794,-0.33902126362427915,0.548856439233408,0,0
1708433762.7140954,0.012021191596984863,0.04308424377441406,-0.03890797805786133,-0.5238891008221974,0.5616534957240593,-0.33461745839928964,0.5460006706852427,0,0
1708433762.722429,0.012226679801940917,0.041030933380126956,-0.04189703369140625,-0.5299471516235539,0.5609242295322555,-0.332209950354721,0.5423620353952847,0,0
1708433762.730763,0.012624187469482422,0.038811264038085935,-0.04470053100585938,-0.5352409074530009,0.5608089741194201,-0.3302366918787109,0.5384739517021327,0,0
1708433762.7390964,0.013104635238647461,0.03605755233764649,-0.047473312377929684,-0.541554008217515,0.5612117489601472,-0.32871675726009875,0.5326405341386011,0,0
1708433762.7474282,0.013591001510620117,0.0334715576171875,-0.04957770156860351,-0.5469678503808355,0.5617129735184738,-0.32703676693663425,0.5275904325735559,0,0
1708433762.7557614,0.014136518478393555,0.030443977355957032,-0.051353813171386715,-0.5523820300589198,0.5624643626062023,-0.3264078103121595,0.5215034874260456,0,0
1708433762.7640998,0.014521954536437988,0.02774739646911621,-0.05242576599121094,-0.5571281437875348,0.5647045453555974,-0.3244551907718473,0.5152143663941897,0,0
1708433762.7724314,0.014945239067077636,0.024943714141845704,-0.05293486785888672,-0.5619662015750478,0.5663113664382439,-0.32342412745436255,0.5088047640202664,0,0
1708433762.7807624,0.015329452514648437,0.021790655136108398,-0.05298447036743164,-0.5668250242801222,0.56897544389831,-0.320659632374865,0.5021490983576601,0,0
1708433762.7890952,0.015638343811035155,0.018934602737426757,-0.05249047088623047,-0.5708133987805163,0.5718340532047839,-0.31795297687122215,0.49606832370420034,0,0
1708433762.7974303,0.015921350479125976,0.015788403511047364,-0.051323486328125,-0.5742987342861889,0.576103539374631,-0.3141213378200132,0.4895033063993949,0,0
1708433762.8057704,0.016239675521850586,0.013419841766357422,-0.050135887145996094,-0.5752480377764576,0.579333569270601,-0.31232280568409354,0.4857126552953016,0,0
1708433762.8141,0.016780521392822264,0.010362081527709961,-0.048240680694580075,-0.5769053291584211,0.5826971513924118,-0.3093601994017056,0.48160204081981417,0,0
1708433762.822435,0.017106130599975587,0.00771841287612915,-0.04606011962890625,-0.5778071098083302,0.5864564282542759,-0.30730030348544923,0.47725707174951987,0,0
1708433762.8307624,0.017545183181762694,0.004838499546051025,-0.04314088821411133,-0.578154120370718,0.5901776688587187,-0.3058984490595868,0.47313239536506607,0,0
1708433762.8390946,0.017793941497802734,0.002476562738418579,-0.040165332794189455,-0.5780787360911425,0.5936309983811319,-0.30512848717189867,0.4693866290896942,0,0
1708433762.8474288,0.018072786331176757,0.00030896955728530886,-0.03692161560058594,-0.577221992739392,0.5974771006736984,-0.3059896023413229,0.4649798442813859,0,0
1708433762.8557632,0.018209936141967774,-0.0014200031757354737,-0.03330820083618164,-0.5758922848512035,0.6014388982320914,-0.30688331722487844,0.46091425089778776,0,0
1708433762.8640952,0.01832487487792969,-0.0030849430561065675,-0.02908271789550781,-0.5738298000144927,0.6055070511178409,-0.3086541859388839,0.4569607877017324,0,0
1708433762.8724291,0.018320960998535155,-0.004134395122528076,-0.025141302108764647,-0.5709411217905286,0.6089669857637755,-0.31188822226405916,0.453774371876594,0,0
1708433762.8807662,0.018183116912841798,-0.005065293312072754,-0.020866073608398438,-0.5677563632742266,0.6124312940691475,-0.3155516894122107,0.45056381272420665,0,0
1708433762.8890958,0.018029363632202148,-0.005565592288970947,-0.017833869934082033,-0.564318899666123,0.6145209982780959,-0.31952312272028005,0.4492361568264959,0,0
1708433762.897434,0.017702545166015625,-0.006136050701141357,-0.014217915534973145,-0.5594084056760578,0.6157807406709157,-0.32573460162385476,0.44919182167351773,0,0
1708433762.9057639,0.017415916442871094,-0.006520764827728271,-0.011426865577697754,-0.5546039310092543,0.6162784395108112,-0.33197505808358563,0.4498976747313507,0,0
1708433762.9140952,0.01694571304321289,-0.006852974414825439,-0.008815690994262696,-0.5503412499480402,0.6144268966079913,-0.3400459679870282,0.4516335090532897,0,0
1708433762.9224284,0.016701154708862305,-0.007114005088806152,-0.0069020094871521,-0.5467966869260571,0.6114292381078011,-0.3480321475385892,0.45391770512067764,0,0
1708433762.930761,0.01644040298461914,-0.00737666654586792,-0.00525133228302002,-0.5431312172091846,0.6069863829476965,-0.3580565658174746,0.45647727795811716,0,0
1708433762.9390955,0.016316522598266603,-0.00757068395614624,-0.004281439781188965,-0.5401210463555521,0.6035849150869381,-0.36637609713494684,0.45795531454721733,0,0
1708433762.9474292,0.016269716262817382,-0.007761097431182861,-0.0034586181640625,-0.5367461031695993,0.5984107974834183,-0.37586292553630557,0.46101539323758406,0,0
1708433762.955761,0.016271129608154297,-0.007886425495147705,-0.003171489238739014,-0.5333755690919596,0.5938493962482756,-0.38542623744902765,0.46292548094498936,0,0
1708433762.9640958,0.016329936981201172,-0.008071423530578613,-0.0031949083805084227,-0.5303371793709543,0.5880530065676848,-0.3940952278521846,0.4665030331355353,0,0
1708433762.9724762,0.01644650077819824,-0.008315811157226563,-0.0035285756587982177,-0.5280201292283182,0.5832844377248123,-0.40199417493276507,0.46837453903906273,0,0
1708433762.9807603,0.016679189682006837,-0.008615878105163574,-0.0044816904067993164,-0.5256309183686476,0.5778635437522273,-0.4097104534622006,0.47108725178919847,0,0
1708433762.989096,0.016994810104370116,-0.008972629547119141,-0.005579469680786132,-0.5238143775350422,0.5729372287260956,-0.41664610853665135,0.4730406306764376,0,0
1708433762.9974465,0.017416521072387694,-0.009508291244506835,-0.0073309683799743655,-0.5218020995724466,0.5680132303745398,-0.42299248033189896,0.47556378140454425,0,0
1708433763.005781,0.01779601287841797,-0.009981716156005859,-0.00921911907196045,-0.5206154356568096,0.5632022632875748,-0.42873538461546207,0.47743978564253187,0,0
1708433763.0140953,0.018233518600463867,-0.010448811531066894,-0.011839249610900878,-0.5187788689045156,0.5588068557156878,-0.4353255155856995,0.47863877840958374,0,0
1708433763.0224295,0.018518037796020508,-0.010738598823547362,-0.014437122344970703,-0.5173352496718384,0.5556680393411895,-0.4412317299399947,0.478447280545103,0,0
1708433763.0307674,0.018739282608032228,-0.010970114707946777,-0.017326751708984376,-0.5169585538733281,0.5534243075177909,-0.44640455107986665,0.4766533159837879,0,0
1708433763.0390947,0.01888646697998047,-0.011144707679748535,-0.02088873291015625,-0.5166262284649576,0.551752668964414,-0.45122738167551146,0.474405050797768,0,0
1708433763.047428,0.01878347396850586,-0.0112142333984375,-0.024299697875976564,-0.5169246486502969,0.5507775743679743,-0.4550909016962341,0.4715137869144248,0,0
1708433763.055771,0.018603567123413087,-0.01122772216796875,-0.028229480743408204,-0.5179859056788483,0.5513760680856069,-0.4587335300521944,0.4660885909710228,0,0
1708433763.0641038,0.018432973861694336,-0.011116536140441894,-0.03194560241699219,-0.5192230694755973,0.55313876358516,-0.4603490851592145,0.4610028156668717,0,0
1708433763.072493,0.018166460037231446,-0.010950031280517579,-0.03579991912841797,-0.5202190148105179,0.5554623874737182,-0.46214844986767406,0.45524994722713524,0,0
1708433763.0807624,0.017861133575439454,-0.010599100112915039,-0.039706809997558594,-0.5223645853021972,0.558784161055854,-0.46213968895699803,0.44868966976005725,0,0
1708433763.0891006,0.017346588134765625,-0.010011512756347657,-0.04422700500488281,-0.5247810643722666,0.5640319359079204,-0.4613586655000543,0.44002384761030333,0,0
1708433763.0974507,0.016713521957397462,-0.00923961639404297,-0.048351673126220705,-0.5263348319955768,0.5692261247257944,-0.4599837748892083,0.43286047558391244,0,0
1708433763.1057723,0.01592401695251465,-0.008155831336975098,-0.05273304748535156,-0.5295576572682306,0.576038982938829,-0.4573805250297279,0.4225527507530702,0,0
1708433763.1140954,0.015145726203918457,-0.007123836994171143,-0.056086322784423825,-0.5317773164857553,0.5821284298606066,-0.4547398229280592,0.4141872222677903,0,0
1708433763.1224296,0.014132098197937011,-0.005519392967224121,-0.06028597640991211,-0.5349536200194955,0.5904086045959662,-0.44982397029186966,0.4036095502790194,0,0
1708433763.1307626,0.013141861915588379,-0.003893923044204712,-0.06372804260253906,-0.5387848525803728,0.5980237667632461,-0.4440334518814811,0.39358957693656055,0,0
1708433763.1390991,0.012115530967712403,-0.0017346441745758057,-0.06728121185302735,-0.5420936407782906,0.6072201508851938,-0.43713414030938713,0.3825335404790308,0,0
1708433763.147406,0.01131056022644043,0.0001291489154100418,-0.06993964385986329,-0.5447518369427973,0.6137946904381498,-0.431121782884651,0.37501401407216306,0,0
1708433763.1557415,0.010312564849853515,0.0028596439361572266,-0.07305216979980468,-0.548022464136764,0.6229974493912888,-0.42320776401463317,0.363924108444489,0,0
1708433763.1641042,0.009298252105712891,0.005561426639556884,-0.07559557342529297,-0.551551975166883,0.6301188012075781,-0.4154709622584513,0.35514024014262957,0,0
1708433763.1724284,0.008125337600708007,0.00883742904663086,-0.07819568634033203,-0.5553571853132843,0.6384236665672701,-0.40559893046827555,0.34566330850234034,0,0
1708433763.1807458,0.006736165046691895,0.012384868621826172,-0.08038330841064453,-0.5598521253820307,0.646067420758569,-0.3951743953596242,0.3361542356803609,0,0
1708433763.1891,0.005689019203186035,0.015497305870056152,-0.08174040985107422,-0.5634698745230591,0.6517270651090008,-0.3861522027567823,0.3296058369533095,0,0
1708433763.1974313,0.004265357971191406,0.020070751190185546,-0.08287550354003906,-0.5672779322415463,0.6590474963978745,-0.37406406306811774,0.3223789942729781,0,0
1708433763.2057626,0.0029474573135375975,0.02452619743347168,-0.08342718505859376,-0.5711561230754519,0.664993851759192,-0.3627355114454669,0.3162069013046019,0,0
1708433763.2140954,0.0014611371755599975,0.029890771865844726,-0.08331999206542968,-0.5750902869809341,0.6710237583125391,-0.3493973821120049,0.31131935769709657,0,0
1708433763.222429,6.145375221967698e-05,0.034879371643066405,-0.08283507537841797,-0.5799834291398852,0.6743977543891588,-0.33652387736796985,0.30912549676467965,0,0
1708433763.2307668,-0.0014269064664840698,0.040095447540283206,-0.08199021911621093,-0.583721268635414,0.6783439192767966,-0.3227687748254966,0.30812228868241187,0,0
1708433763.2390945,-0.0028829736709594725,0.04522781372070313,-0.08100222015380859,-0.5877866553158934,0.6806371948981731,-0.30818768432288834,0.3102582874056117,0,0
1708433763.2474284,-0.004798165321350098,0.0508754768371582,-0.07944692993164063,-0.5927777143380892,0.6820689579829148,-0.29072783155262233,0.314442112774937,0,0
1708433763.2557619,-0.006299076080322266,0.055399570465087894,-0.07792459106445312,-0.5981767150566575,0.6813901397289418,-0.27480149802280934,0.3199628814933934,0,0
1708433763.2640922,-0.007857881546020507,0.05966573333740234,-0.07618669128417968,-0.603133196136247,0.6790771011223606,-0.25804632196126154,0.32938843861593864,0,0
1708433763.2724311,-0.008612004280090332,0.062201148986816404,-0.07490597534179687,-0.6080517924649261,0.6747945896557991,-0.2461581484995063,0.3381293308679178,0,0
1708433763.2807653,-0.009169443130493164,0.06437234497070313,-0.07326929473876953,-0.6138297790907127,0.6672751997222579,-0.23332653108926363,0.3514477816706197,0,0
1708433763.289097,-0.009299378395080566,0.0654960708618164,-0.0719755630493164,-0.6185544811593027,0.6597172173781132,-0.22464887800758807,0.3628999973172838,0,0
1708433763.29743,-0.009052702903747559,0.06590276336669922,-0.07067539978027344,-0.6225802938995089,0.6506594540490691,-0.2180174071835801,0.3761707815362819,0,0
1708433763.305764,-0.008823842048645019,0.06590065765380859,-0.06960869598388672,-0.6258560218843313,0.643199404357413,-0.21338664453241382,0.3860892181943762,0,0
1708433763.3140957,-0.008495455741882324,0.06561300659179688,-0.06869206237792969,-0.6280948557732238,0.636160597108051,-0.21079340015629958,0.3954272069982409,0,0
1708433763.3224297,-0.008049818992614746,0.0652002182006836,-0.06761161804199219,-0.6287071205245015,0.6304071166414962,-0.2098216053873024,0.40409048845561796,0,0
1708433763.3307621,-0.0077109375,0.06474601745605468,-0.06648601531982422,0.6297373418865635,-0.6250581264575109,0.20949259661866218,-0.4109088263227603,0,0
1708433763.3390949,-0.007270010948181152,0.0643380355834961,-0.06486375427246094,0.6297207912277389,-0.6210138914949237,0.20944442873408922,-0.4170449676851148,0,0
1708433763.3474302,-0.006865996837615967,0.06402664184570313,-0.06338130569458007,0.6293474820517576,-0.6180230129798369,0.20957413402038713,-0.42195735001157314,0,0
1708433763.3557649,-0.0062603440284729,0.06347997283935547,-0.06119256973266601,0.6279612276690267,-0.6153836278765717,0.20887003850798083,-0.4281833630035593,0,0
1708433763.3641076,-0.005708407878875732,0.06295537948608398,-0.058968029022216796,0.6253496979873829,-0.6136802257041699,0.20956974868261222,-0.43406783027460083,0,0
1708433763.3724072,-0.00501932430267334,0.06230336761474609,-0.05634051132202148,0.6224884831462378,-0.6119339091064185,0.2088438055079926,-0.44094130925935787,0,0
1708433763.380766,-0.004431177139282227,0.06161109161376953,-0.05396464157104492,0.6186193473946537,-0.6110766894550121,0.2085665187540682,-0.44765539889926115,0,0
1708433763.389098,-0.0038988168239593507,0.060862991333007814,-0.05150612258911133,0.614187515554392,-0.6105058992318078,0.2078506165349889,-0.4548124813640384,0,0
1708433763.3974285,-0.003356922388076782,0.06011613464355469,-0.04916583251953125,-0.6093239783000292,0.6102902984389806,-0.20672536432402405,0.46209811651424554,0,0
1708433763.4057624,-0.0029280846118927,0.05933422088623047,-0.04689551162719727,-0.603673909135335,0.610682692159721,-0.20549430078228118,0.46948541795202114,0,0
1708433763.414096,-0.002641024112701416,0.058684078216552735,-0.04459590530395508,-0.5979875267744803,0.6110235467057531,-0.2042627818808934,0.4767995654468377,0,0
1708433763.4224312,-0.0025044736862182616,0.058244842529296875,-0.04206771850585937,-0.5914575385266456,0.6118752739694311,-0.20287859476183334,0.4843829989370471,0,0
1708433763.4307637,-0.0026573333740234377,0.05806158065795899,-0.040023162841796876,-0.5859928080174452,0.6131092668647605,-0.20217261087105803,0.4897302340114863,0,0
1708433763.4391067,-0.002949923038482666,0.05816092300415039,-0.037245723724365236,-0.5795731388299031,0.6151525564133707,-0.19978477765638453,0.49575029505469304,0,0
1708433763.4474294,-0.0034957070350646975,0.058346229553222655,-0.03424545669555664,-0.5731982079627803,0.617414300091714,-0.19695763365683458,0.5014490126921778,0,0
1708433763.4557617,-0.00390938949584961,0.058565696716308596,-0.03158697509765625,-0.5675779086902435,0.6193338123635891,-0.1944616922663035,0.5064243453540724,0,0
1708433763.464097,-0.004320454120635986,0.05870545196533203,-0.02860816192626953,-0.5610591424545689,0.6199544148398823,-0.19300121582462496,0.5134390894586034,0,0
1708433763.4724271,-0.004601530551910401,0.05872168731689453,-0.0261978816986084,-0.5571651990299188,0.6200150957515981,-0.1910939157835932,0.5182965492805727,0,0
1708433763.480773,-0.004874866485595703,0.05849690246582031,-0.023060413360595704,-0.5524250335624856,0.6192312746687757,-0.18998572415703982,0.5246757408537469,0,0
1708433763.4891117,-0.005075276374816895,0.058167633056640626,-0.0199580078125,-0.5480927671865324,0.6171684651112326,-0.19102885971442804,0.5312300355750234,0,0
1708433763.4974284,-0.005229918479919433,0.05790205383300781,-0.017615339279174805,-0.545310790398588,0.614512146756618,-0.19179119787072288,0.5368678711760935,0,0
1708433763.5057614,-0.00543366003036499,0.057493942260742184,-0.014738957405090332,-0.5419087813644193,0.6115805146292669,-0.19439070741590989,0.5426936550467902,0,0
1708433763.5140755,-0.005633576393127442,0.05724276351928711,-0.012003837585449218,-0.5384745314387338,0.608351908299638,-0.1987489829682691,0.5481349905499818,0,0
1708433763.5224268,-0.005798878192901612,0.05713846969604492,-0.00963028621673584,-0.534398554492015,0.6051063406563205,-0.20305199526383938,0.5541068382401966,0,0
1708433763.530762,-0.006108060836791992,0.05723991394042969,-0.007760018348693848,-0.5309572844847593,0.6016547426836112,-0.20875199614048967,0.559033577497645,0,0
1708433763.539094,-0.006342352390289307,0.0573167839050293,-0.006261486053466797,-0.5284224847164003,0.5981580785989372,-0.21420470753328583,0.5631100538622228,0,0
1708433763.5474284,-0.00654723596572876,0.05754336929321289,-0.005073173999786377,-0.5262735821112619,0.5943808337766604,-0.22039008034893345,0.5667236984148375,0,0
1708433763.5557609,-0.006605500221252441,0.057801822662353515,-0.004171830654144287,-0.5242168232995685,0.5895309873618161,-0.2289729120863087,0.5702817986990681,0,0
1708433763.5641053,-0.006576226234436035,0.058031593322753906,-0.0036025025844573975,-0.522397235626813,0.5855182025898423,-0.23537448004532271,0.5734705007292622,0,0
1708433763.5724285,-0.006420722007751465,0.058219425201416014,-0.0033977394104003906,-0.5204438184538862,0.5812634220600502,-0.24192218828449452,0.5768402780857891,0,0
1708433763.5807333,-0.006149892807006836,0.058368457794189456,-0.003213935136795044,-0.5197993373968012,0.5772014522590941,-0.24852915137523354,0.5786885079843617,0,0
1708433763.5891027,-0.005808960914611816,0.05841371536254883,-0.0031691370010375978,-0.5191950208197091,0.5721333519509001,-0.2561716331563015,0.5809268810857133,0,0
1708433763.5974298,-0.005192707538604737,0.05844528579711914,-0.003314619302749634,-0.5193224706778536,0.5679261733700007,-0.2638738910810486,0.5814934428383253,0,0
1708433763.6057346,-0.004623185157775879,0.05833268737792969,-0.003458520174026489,-0.5197053636676727,0.5637568303875692,-0.27017489630569225,0.5823144383803047,0,0
1708433763.6140962,-0.004102114200592041,0.058314960479736326,-0.003612417697906494,-0.5205771472940264,0.5606630865375648,-0.27662964611646307,0.5814915048935264,0,0
1708433763.6224277,-0.0036357481479644778,0.058236076354980466,-0.0038078479766845705,-0.5208244553895996,0.5581174458419916,-0.28221640368223944,0.5810341550901814,0,0
1708433763.6307616,-0.0031923346519470213,0.05808593368530274,-0.004001863479614258,-0.5220458517372534,0.5540607896056539,-0.28711526931801523,0.5814203281948409,0,0
1708433763.6391,-0.0027478859424591062,0.057935436248779296,-0.0041944608688354494,-0.5231860645875647,0.5520314945966449,-0.2907034874106227,0.580542032100728,0,0
1708433763.647431,-0.002394687652587891,0.05758115768432617,-0.004501928329467773,-0.523885930357738,0.5491784143822452,-0.29477888197122265,0.5805618022867692,0,0
1708433763.6557617,-0.0020975217819213868,0.057090919494628904,-0.004734265327453613,-0.5252670579840062,0.5466941698053245,-0.29696065425391405,0.5805466137617107,0,0
1708433763.664096,-0.0018196482658386231,0.05614307403564453,-0.004982953071594238,-0.5278689375320141,0.5436251458203076,-0.2995808057464357,0.5797218423114914,0,0
1708433763.6723888,-0.0015391143560409546,0.05496809005737305,-0.005143980979919433,-0.5297676263426913,0.5404697358135647,-0.30102246541823846,0.5801932352340003,0,0
1708433763.6807756,-0.0013283933401107787,0.053209148406982425,-0.005175030708312988,-0.5324367410909683,0.537442666826246,-0.30165066758318576,0.5802355947516356,0,0
1708433763.6891055,-0.0011049634218215942,0.051003807067871096,-0.004962312698364258,-0.5360608383534025,0.533008111656254,-0.30252142581596875,0.580535903912215,0,0
1708433763.6974297,-0.0007172179222106934,0.04831991195678711,-0.004597391605377197,-0.53931135561334,0.5292864470148652,-0.3039492380314983,0.5801844162323271,0,0
1708433763.7057662,-0.0002524769902229309,0.04505257797241211,-0.004095220565795898,-0.5428297825445823,0.5248191674719291,-0.3057885650688136,0.5799948603663371,0,0
1708433763.7141035,0.0005488716363906861,0.040650108337402346,-0.0032962796688079834,-0.5464534877504532,0.5188126597756316,-0.30802050358567684,0.5808143920258041,0,0
1708433763.7224326,0.0012770220041275024,0.03635064697265625,-0.00250197172164917,-0.5492530432879753,0.5143102891621233,-0.3100039016190139,0.5811227229702066,0,0
1708433763.7307618,0.0021711428165435793,0.031105478286743163,-0.0015415332317352294,-0.5511005890704388,0.5097637232781692,-0.310988746385637,0.582850807301431,0,0
1708433763.7390969,0.002925959825515747,0.026898056030273437,-0.0008708352446556092,-0.5524267103340973,0.5063659973126161,-0.312289379182419,0.5838609025871769,0,0
1708433763.7474308,0.003940587759017945,0.02120924186706543,-0.00022667743265628815,-0.552331951868665,0.502982996355119,-0.3119062825798902,0.5870706949036686,0,0
1708433763.7557628,0.004847875118255615,0.01584885597229004,5.627692863345146e-05,-0.552069865309264,0.5002593461918458,-0.31201228291381095,0.5895827233717991,0,0
1708433763.7640958,0.005998587131500244,0.00989250659942627,-8.597600460052491e-05,-0.5510798795300696,0.4971406663625826,-0.3120090940722849,0.5931377846578052,0,0
1708433763.7724411,0.0071690673828125,0.0037785048484802247,-0.0006518717408180237,-0.5482228896715109,0.4954922443963797,-0.3113401540193286,0.5975001449165807,0,0
1708433763.780765,0.008136195182800293,-0.0009882085919380188,-0.001269771933555603,-0.5448831535771121,0.49573319220206213,-0.3102237404446839,0.6009261028589697,0,0
1708433763.789095,0.009245085716247558,-0.0067426800727844235,-0.0021516947746276853,-0.5409806862713454,0.49779760583838506,-0.309365414701131,0.6031836164358558,0,0
1708433763.7974286,0.010045793533325196,-0.011345812797546387,-0.0030287864208221435,-0.5362694105664925,0.5018426175084911,-0.3091315257287523,0.6041579177376445,0,0
1708433763.8057754,0.010600629806518555,-0.01561866569519043,-0.0038948009014129637,-0.5296214522652778,0.5086859103434418,-0.30994403926163416,0.6038828414683456,0,0
1708433763.8140993,0.010994959831237792,-0.01865680503845215,-0.004516282081604004,-0.5228645753549838,0.5164846156348044,-0.313016129731258,0.6015622739667592,0,0
1708433763.8224297,0.01117596435546875,-0.020933265686035155,-0.005168456554412842,-0.5162105577887519,0.5251124015210271,-0.3167401556419416,0.5978789958498315,0,0
1708433763.8307633,0.011366968154907226,-0.02235492706298828,-0.005870794296264649,-0.5079147260973892,0.5337284582481457,-0.3219375953006054,0.5945693702482272,0,0
1708433763.8391044,0.011420063018798828,-0.02307205581665039,-0.006783866882324218,-0.4969722562070199,0.5444704456317986,-0.32782685204823875,0.5908468965586935,0,0
1708433763.8474278,0.011405102729797363,-0.02294240951538086,-0.007722360134124756,-0.48680289991808945,0.5529533155135675,-0.3334325027011436,0.5882927400168544,0,0
1708433763.8557699,0.0113762788772583,-0.021958600997924804,-0.008944135665893554,-0.47479151481324766,0.5627541855238917,-0.33962288660564743,0.5852666288559166,0,0
1708433763.8641086,0.011286462783813477,-0.02039293670654297,-0.010165993690490722,-0.46426902697956957,0.5707739045422803,-0.3456653542346038,0.5823975249022378,0,0
1708433763.8724318,0.011103226661682128,-0.018119621276855468,-0.01142941951751709,-0.454142879984821,0.5786615273085542,-0.3509429464716059,0.5794343185330263,0,0
1708433763.880763,0.010795488357543945,-0.015206939697265625,-0.012819025993347168,-0.4441382230427377,0.5861513417967971,-0.3560919798065277,0.5765122135842102,0,0
1708433763.8890984,0.010227065086364746,-0.011332820892333985,-0.014442383766174316,-0.43526136793668846,0.593792442357557,-0.3613661913160244,0.5721647821439549,0,0
1708433763.8974302,0.009519582748413085,-0.007319995880126953,-0.015790450096130372,-0.42875109332575956,0.6007037392573863,-0.3648764261665236,0.5676202207596751,0,0
1708433763.9057636,0.00836366844177246,-0.00230267596244812,-0.017251367568969726,-0.4243407866502126,0.6081958582757124,-0.366981590611431,0.5615667504730604,0,0
1708433763.9140973,0.0074540462493896485,0.001984907865524292,-0.018355806350708007,-0.421016791931463,0.6137358864168344,-0.36899624206101655,0.5567000081360157,0,0
1708433763.922429,0.006111240386962891,0.00767764949798584,-0.019775148391723632,-0.42053930387720484,0.6196820295116796,-0.3696489934339454,0.5500004599376944,0,0
1708433763.930733,0.0046249799728393555,0.012614375114440917,-0.02089727783203125,-0.4218963872570599,0.6244887493359828,-0.36803130886962654,0.544582565522206,0,0
1708433763.9390965,0.0028138084411621096,0.018523244857788085,-0.022227279663085936,-0.4254770086511655,0.6286333025019564,-0.3666366017099282,0.5379285123428718,0,0
1708433763.9474287,0.0010764068365097046,0.02382033920288086,-0.023476261138916016,-0.4297133348204017,0.6313667131209233,-0.3634216553977357,0.5335234223219276,0,0
1708433763.9557614,-0.0006663286089897155,0.02898238182067871,-0.024893030166625977,-0.4358718680548858,0.6321302345929606,-0.3607340947783707,0.529431745547269,0,0
1708433763.9640896,-0.002714121103286743,0.03457517242431641,-0.026827350616455078,-0.44445110849899316,0.6317510315542413,-0.35656595371601335,0.525561210173978,0,0
1708433763.9724352,-0.004507943630218506,0.03910087966918945,-0.02886042594909668,-0.4540033661557831,0.629577591354465,-0.3525078800616452,0.5227343227253609,0,0
1708433763.9807642,-0.006407878398895264,0.04332569122314453,-0.031494665145874026,-0.46588323509207713,0.6256764799078367,-0.34667655394375213,0.5208619359725754,0,0
1708433763.9890969,-0.007751553058624267,0.04628143310546875,-0.034109848022460934,-0.47761556144437967,0.6198834233925197,-0.3416036494426323,0.5205140394986594,0,0
1708433763.997431,-0.008856839179992675,0.04844644165039062,-0.036691310882568356,-0.49033276910509194,0.6132390713983301,-0.33677971538329804,0.5197028153774025,0,0
1708433764.0057797,-0.009701559066772461,0.05001763916015625,-0.03935785675048828,-0.5037103254277374,0.60516866587621,-0.33213466004764064,0.5193585919176572,0,0
1708433764.0140946,-0.01022446060180664,0.05071955108642578,-0.04120193099975586,-0.5146379577073591,0.5986118814993908,-0.3288451472382263,0.5183362374966709,0,0
1708433764.02241,-0.010506333351135254,0.05111767196655274,-0.04321129608154297,-0.5284219520003277,0.5895626403172484,-0.3255117799369814,0.5169412112927795,0,0
1708433764.030761,-0.010415116310119628,0.05109160232543945,-0.044549144744873044,-0.539383119120469,0.582277368390931,-0.3234141394487284,0.5151914359587593,0,0
1708433764.0390954,-0.009986092567443847,0.05057260894775391,-0.045634323120117185,-0.5506791774674137,0.5734271811085696,-0.32165555886177516,0.514267825946613,0,0
1708433764.0474288,-0.009326702117919921,0.04967593765258789,-0.046207908630371095,-0.560277549716212,0.5655226763232862,-0.32080624388988327,0.5131827516848319,0,0
1708433764.0557683,-0.008560678482055665,0.04836547470092773,-0.04669552612304687,-0.5692901245416103,0.5571868440825778,-0.3207271360607668,0.5124311547733873,0,0
1708433764.064095,-0.007609901905059814,0.046553749084472656,-0.04701599502563476,-0.5768860680946171,0.5484873310858903,-0.3207492376484202,0.5133069667731592,0,0
1708433764.0724277,-0.006527247905731201,0.0439664192199707,-0.04716379165649414,-0.5852210636817206,0.5390477798038296,-0.32116051545084995,0.513614353977088,0,0
1708433764.0807614,-0.005413612365722656,0.04103696823120117,-0.04726676177978516,-0.5917675436093799,0.5303831667168011,-0.3221254554349523,0.5145289555639503,0,0
1708433764.0890956,-0.004058138370513916,0.037288745880126956,-0.04733189392089844,-0.5972922192905382,0.5220184985499318,-0.32265960509284036,0.5163617740384563,0,0
1708433764.0974312,-0.0028807451725006102,0.033510910034179685,-0.04726590347290039,-0.6024242517205866,0.5149457884810696,-0.32273459268394733,0.5174536159392219,0,0
1708433764.1057627,-0.0016484944820404053,0.029438716888427734,-0.04713105773925781,-0.606113378351867,0.5091199571338832,-0.32282004543617954,0.5188551793629129,0,0
1708433764.1140969,-0.00043476945161819455,0.025027721405029298,-0.04712682723999023,-0.6096006375948088,0.5035635746892296,-0.32271906495343083,0.5202530269527298,0,0
1708433764.1224306,0.0009144451022148133,0.019503000259399415,-0.0471603012084961,-0.6126686271268338,0.4982735822093211,-0.32221133299219523,0.5220540869047042,0,0
1708433764.1307642,0.0021117050647735595,0.014459629058837891,-0.04720820999145508,-0.6144782504374062,0.49484695790113975,-0.3217966111956923,0.5234404490871764,0,0
1708433764.1390944,0.003461242437362671,0.008754680633544922,-0.04742375564575195,-0.6152354504274854,0.4931907598215429,-0.32083212911073755,0.5247046608501249,0,0
1708433764.1474283,0.004547053337097168,0.003570411443710327,-0.047746376037597654,-0.6147623945289704,0.4928007670402798,-0.31945990640897964,0.5264598211120687,0,0
1708433764.1557705,0.005812916278839111,-0.0022056925296783446,-0.048172752380371095,-0.6138916883569284,0.49415570967673195,-0.3183316322156312,0.526889073428852,0,0
1708433764.1640956,0.006716033458709717,-0.006450400829315185,-0.04865329360961914,-0.612369660404271,0.49664422408547104,-0.3174849488139529,0.5268312878225684,0,0
1708433764.172429,0.007854938983917236,-0.011370172500610351,-0.04948968124389649,-0.6095140300615457,0.5008266541022781,-0.3183449222263042,0.5256632165079225,0,0
1708433764.1807613,0.00871769618988037,-0.015274991989135742,-0.05027372741699219,-0.6052539676323795,0.5067641907573608,-0.3188330131489909,0.5245981266352497,0,0
1708433764.1891017,0.009524966239929199,-0.019029804229736328,-0.0512381477355957,-0.5994460300147056,0.5151531018761767,-0.3209525436899092,0.5217961333124356,0,0
1708433764.1974149,0.010049533843994141,-0.021480905532836915,-0.05197477340698242,-0.5944579922077171,0.5222898322053925,-0.3229208385918418,0.5191870262500415,0,0
1708433764.2057633,0.010481021881103515,-0.02380731010437012,-0.05284622955322266,-0.5873640610267798,0.5323828722572042,-0.32737559035072306,0.5141956212056326,0,0
1708433764.2140954,0.010783381462097168,-0.025354488372802735,-0.05353786087036133,-0.5795404824993166,0.5436669766344453,-0.3317707324567604,0.5084163963027137,0,0
1708433764.2224283,0.010983010292053223,-0.026119621276855468,-0.054064285278320315,-0.5730420053495627,0.55263494873129,-0.33594109469412853,0.5033498175858008,0,0
1708433764.2307625,0.011080260276794434,-0.02636935615539551,-0.05464123153686523,0.5648414899324443,-0.563002856531896,0.3417459749827386,-0.4971836126525385,0,0
1708433764.2390954,0.011154545783996581,-0.026290449142456054,-0.05500214385986328,-0.5594485981610503,0.5703917637703791,-0.34511776400345073,0.49250809005672497,0,0
1708433764.247434,0.01107377052307129,-0.025838815689086914,-0.05544947052001953,-0.552057390175606,0.5796594762711825,-0.34989276080205317,0.48662365386950807,0,0
1708433764.2557611,0.010932602882385255,-0.025197683334350587,-0.05583210754394531,-0.5464135190685063,0.5866862257883884,-0.35327389656974534,0.4821090096689864,0,0
1708433764.264095,0.010742677688598632,-0.024298372268676757,-0.056099422454833986,-0.541090807246764,0.5939496529723821,-0.35580614333455596,0.47733275425178023,0,0
1708433764.2724283,0.010562784194946289,-0.023595945358276367,-0.056135543823242186,-0.5381248604739065,0.5982784195351315,-0.3584289546627463,0.47330041635498404,0,0
1708433764.2807622,0.010317828178405762,-0.02250432777404785,-0.056055946350097655,-0.535475130214352,0.6029359958743137,-0.36180310439790286,0.4677959786804844,0,0
1708433764.289095,0.01002218246459961,-0.02155092430114746,-0.05573021697998047,-0.5339527472269976,0.6065515968345125,-0.36376373330759515,0.46332015777283325,0,0
1708433764.2974305,0.009568933486938477,-0.020483169555664062,-0.05519356155395508,-0.5330374292466588,0.6097387260332918,-0.36641005726700465,0.4580758282284283,0,0
1708433764.305761,0.009288216590881348,-0.01945635795593262,-0.05470065689086914,-0.5322592214413665,0.6118492618455044,-0.36802540242938664,0.45486030859279314,0,0
1708433764.3140965,0.009054638862609864,-0.01848843765258789,-0.054272937774658206,-0.5321233742233542,0.6132594601289398,-0.36882540040066625,0.4524658868369905,0,0
1708433764.3224294,0.008810348510742187,-0.017453805923461914,-0.0537293472290039,-0.5317036504101942,0.614574696323891,-0.36992894394538084,0.45026853087628704,0,0
1708433764.3307612,0.008736613273620606,-0.01666527557373047,-0.053281726837158205,-0.5315313496492187,0.6152041041783727,-0.37093413820692495,0.4487830310640696,0,0
1708433764.339099,0.008823805809020997,-0.015860830307006836,-0.052880298614501955,-0.5310820513802731,0.6151334838794242,-0.3714660770135761,0.4489717174139893,0,0
1708433764.3474295,0.008935046195983887,-0.015254193305969239,-0.052479423522949216,-0.531551480312954,0.6147695283914918,-0.3710059422264727,0.44929505985042006,0,0
1708433764.355768,0.009135293006896974,-0.014772680282592774,-0.05204433822631836,-0.5322778366145282,0.6140132858548174,-0.37114038991833487,0.4493582060079284,0,0
1708433764.3640962,0.00950634002685547,-0.014408921241760254,-0.05165546417236328,-0.5325854583268368,0.6126693110683906,-0.37034135279059865,0.45148237952749065,0,0
1708433764.3724313,0.010079536437988281,-0.014028905868530273,-0.051212379455566406,-0.5336033457358098,0.6112070881671218,-0.37016484528420457,0.452406179031933,0,0
1708433764.3807628,0.010741749763488769,-0.013774276733398438,-0.05073445129394531,-0.5337683194452696,0.6098270913282973,-0.36964952680395424,0.4544903819704105,0,0
1708433764.3890998,0.011759613037109375,-0.013425830841064454,-0.050244796752929685,-0.5338441348020458,0.6070616100671331,-0.37072283705075254,0.45722119305585085,0,0
1708433764.39743,0.012691268920898438,-0.013152541160583496,-0.049837448120117187,-0.534067105137512,0.6048026341158473,-0.3716875160467849,0.4591671560694786,0,0
1708433764.405768,0.014000776290893555,-0.012658443450927735,-0.0494757080078125,-0.5334667870527644,0.6016213239087551,-0.3742495461962065,0.4619548199275409,0,0
1708433764.4140964,0.015469932556152343,-0.012095049858093261,-0.04914705657958984,-0.5332450856180874,0.5975818494774013,-0.37781523646557,0.464544132667771,0,0
1708433764.4224303,0.01720117950439453,-0.011395374298095702,-0.048872535705566406,-0.5332252268090854,0.5935282630410917,-0.38175488043796874,0.46653859451568297,0,0
1708433764.430762,0.018977798461914063,-0.010705647468566894,-0.048753936767578124,-0.5339590878917563,0.5889424581168206,-0.3855275509916094,0.46840472713784354,0,0
1708433764.4390988,0.020875356674194337,-0.010021214485168456,-0.04874890899658203,-0.5347265828809463,0.583770646659574,-0.3892709936723732,0.47090063213508254,0,0
1708433764.4474382,0.02281924247741699,-0.009468375205993652,-0.04878042221069336,-0.5370044591260351,0.5774978162739182,-0.39356361350752833,0.4724723949471081,0,0
1708433764.4557724,0.02520682716369629,-0.008958436012268067,-0.0489730224609375,-0.5402168213002075,0.5697746083647075,-0.39900702515516784,0.4736201804469158,0,0
1708433764.4640954,0.027214019775390626,-0.00854154396057129,-0.04921902847290039,-0.5432578316843716,0.5636879484788887,-0.40324101503816007,0.4738391116873124,0,0
1708433764.4724295,0.029391637802124025,-0.00818038272857666,-0.04945929336547852,-0.546984044519744,0.5574222255604102,-0.40673533752436164,0.47397813614756124,0,0
1708433764.4807618,0.031205455780029298,-0.007960431575775147,-0.049614097595214846,-0.5495712617385484,0.5528877950191369,-0.4094764512581467,0.4739362238679129,0,0
1708433764.489096,0.03356713104248047,-0.0077121367454528805,-0.04991337585449219,0.5526179993177833,-0.5481187589858612,0.4117611433798406,-0.4739534930945166,0,0
1708433764.4974294,0.03609915161132812,-0.007512699127197266,-0.050186031341552736,0.5541192068410917,-0.5443167252240598,0.41310667781721133,-0.4754093715199905,0,0
1708433764.5057623,0.03841973114013672,-0.007327276706695557,-0.05039284133911133,0.5546618433848205,-0.5422043615002906,0.41413341238089835,-0.47629630278058893,0,0
1708433764.5140886,0.040776695251464844,-0.007194358348846436,-0.05061098098754883,0.5548735100188943,-0.5402372054411786,0.4142555839309389,-0.478175135801252,0,0
1708433764.5224373,0.04357032012939453,-0.006933874607086181,-0.050904541015625,0.5546619214621161,-0.538194000488403,0.41492110356929857,-0.4801435420553264,0,0
1708433764.5307631,0.04628875732421875,-0.006682125568389893,-0.0511838493347168,0.5535445215533918,-0.5372644969236892,0.4152196814785038,-0.4822115104171258,0,0
1708433764.539097,0.04855499267578125,-0.00640985107421875,-0.05155035400390625,0.5536512833877579,-0.5363737446236682,0.41551339172548946,-0.4828271892514258,0,0
1708433764.547436,0.050883918762207034,-0.006139926433563233,-0.051968521118164065,0.5538384485849831,-0.5361981652148259,0.4150987422900007,-0.48316406923103544,0,0
1708433764.555763,0.052875038146972655,-0.005940629482269287,-0.05249575424194336,0.5543588416831532,-0.5354407302389004,0.4150296425242238,-0.48346654887201684,0,0
1708433764.564094,0.05481607818603516,-0.005793964862823487,-0.0529881706237793,0.5553214235265022,-0.5355830068414921,0.41443102653392855,-0.48271718293311,0,0
1708433764.5724285,0.05672929000854492,-0.005696328163146973,-0.053399181365966795,0.5557833008973656,-0.5364276713225645,0.41361602324258623,-0.48194612699630374,0,0
1708433764.580763,0.05888151931762695,-0.005586493492126465,-0.05370798110961914,0.557541646700846,-0.5363530700186975,0.41235090400084307,-0.48108151189379517,0,0
1708433764.5890963,0.060775882720947264,-0.005489818572998047,-0.05386006546020508,0.5588392146850206,-0.5372813749297687,0.4107510345242675,-0.4799073274151865,0,0
1708433764.5974398,0.06298237609863282,-0.005377214908599853,-0.05384962844848633,0.5602955055186039,-0.5376907340577802,0.41026145655620255,-0.4781664305912392,0,0
1708433764.6057618,0.06477242279052735,-0.005200463771820069,-0.05380783462524414,0.5609644603758619,-0.5392320010846383,0.40913218283702657,-0.47661156511263014,0,0
1708433764.6140954,0.0665552978515625,-0.0049431085586547855,-0.053739303588867186,0.560789055129574,-0.5404834701699862,0.4093939645445671,-0.4751734756773585,0,0
1708433764.6224298,0.06823702239990234,-0.004696403503417969,-0.05375215148925781,0.5610768217214379,-0.5414386698451847,0.40929287523182717,-0.4738315216155274,0,0
1708433764.6307623,0.06991072845458984,-0.004415071487426757,-0.05396970367431641,0.5617493929483022,-0.5422058954491923,0.40894953446996724,-0.4724517536789168,0,0
1708433764.6390944,0.07132756042480469,-0.004191634178161621,-0.05430093383789063,0.5625990873059357,-0.5429444012925617,0.40840634859196306,-0.47106038847576537,0,0
1708433764.64743,0.07299102783203125,-0.004041201591491699,-0.05483444213867188,0.5633462510585893,-0.543081968641102,0.40812699216040055,-0.4702502698832601,0,0
1708433764.655762,0.07399989318847656,-0.00395958137512207,-0.05552988052368164,0.564401141168673,-0.5433694604678699,0.4074156701896363,-0.46926906165214666,0,0
1708433764.6640582,0.075288330078125,-0.003943844556808472,-0.05660609817504883,0.56683701257076,-0.5428772633322309,0.4058038291476749,-0.4682983184919987,0,0
1708433764.6724331,0.07629074859619141,-0.0039013633728027346,-0.0576900634765625,0.5691250239474518,-0.5424783835742656,0.4043106090396195,-0.4672759899392214,0,0
1708433764.6807625,0.07761761474609374,-0.003882508993148804,-0.058817646026611325,0.5722734972343981,-0.5427394976960344,0.4024162381618433,-0.46475591356143436,0,0
1708433764.6890953,0.0786302719116211,-0.003839176654815674,-0.05978468322753906,0.5748700669865077,-0.5433116915836935,0.3999387234050746,-0.4630181740063796,0,0
1708433764.6974277,0.07958477783203124,-0.003798332452774048,-0.06066676330566406,0.5772940646402918,-0.5438348649827262,0.3980748950170391,-0.46098980345438867,0,0
1708433764.7057695,0.08047884368896484,-0.0037600746154785158,-0.06146614074707031,0.5808520881481805,-0.5446353040998859,0.39518216668532674,-0.4580549047582808,0,0
1708433764.714096,0.08136305236816406,-0.0037222385406494142,-0.062307723999023436,0.5840533600125709,-0.5457829961984438,0.3920298061748005,-0.455318813869979,0,0
1708433764.7224288,0.08226335144042969,-0.003577329158782959,-0.06281060028076171,0.5861786151539403,-0.5472897167143684,0.3893217220103677,-0.4530973453047064,0,0
1708433764.7307627,0.08326528167724609,-0.0033254320621490478,-0.0632700309753418,0.5883317146924368,-0.5495052927807396,0.3865071053940494,-0.45002442899672,0,0
1708433764.7390952,0.08398957824707032,-0.0029844906330108644,-0.06371987915039062,0.5891218243773266,-0.5519822662731642,0.3847557502627837,-0.4474528709685372,0,0
1708433764.7474296,0.08461379241943359,-0.002617702007293701,-0.06419947814941407,0.5897662697281436,-0.5538477182403607,0.3838114765913371,-0.44510359142460604,0,0
1708433764.7557628,0.08517485809326172,-0.0022236285209655763,-0.06474492645263671,0.5905306535599367,-0.5552165431012354,0.3830321922905206,-0.44305132612804543,0,0
1708433764.7641168,0.08581278228759766,-0.0017990630865097046,-0.06535408020019531,0.5907557341852356,-0.5578780300466163,0.3818008694598629,-0.4404632220189611,0,0
1708433764.7724352,0.08811419677734375,-0.0,-0.06551071166992188,-0.5710252405069259,0.616583160087115,-0.368241145694581,0.3976855944783512,0,0
1708433764.7807631,0.08811419677734375,-0.0,-0.06551071166992188,-0.570631005286297,0.6169480239456332,-0.36798687218407694,0.39792088853995394,0,0
1708433764.7890995,0.08811419677734375,-0.0,-0.06551071166992188,-0.5714192210236545,0.6162180442974563,-0.3684952664294057,0.3974501389314284,0,0
1708433764.7974327,0.08811419677734375,-0.0,-0.06551071166992188,-0.5722189394336611,0.6164203618915733,-0.36836462973707645,0.3961046778697919,0,0
1708433764.8057628,0.08811419677734375,-0.0,-0.06551071166992188,-0.5723771974625482,0.615801220463916,-0.3689842075519602,0.3962623303179869,0,0
1708433764.8140953,0.08811419677734375,-0.0,-0.06551071166992188,-0.5730064967626032,0.6156883513796204,-0.3688706952621111,0.39563344792019084,0,0
1708433764.8224306,0.08811419677734375,-0.0,-0.06551071166992188,-0.5737782878724055,0.6140220622556851,-0.37001683135497937,0.39603400120672744,0,0
1708433764.8307636,0.08811419677734375,-0.0,-0.06551071166992188,-0.5735569876084461,0.6147025235304459,-0.3697433965487535,0.3955540558895457,0,0
1708433764.8390946,0.08811419677734375,-0.0,-0.06551071166992188,-0.5744072126056805,0.6139080434536581,-0.36990284416865166,0.39540505064271314,0,0
1708433764.84743,0.08811419677734375,-0.0,-0.06551071166992188,-0.5730990464525468,0.6151297328907787,-0.36983658928691304,0.3954665593837653,0,0
1708433764.8557446,0.08811419677734375,-0.0,-0.06551071166992188,-0.5729928753035958,0.6147550619348375,-0.36951024658512804,0.3965066933011389,0,0
1708433764.8640976,0.08811419677734375,-0.0,-0.06551071166992188,-0.5718130081239993,0.6158526757505137,-0.3687492349233546,0.3972145218558598,0,0
1708433764.87243,0.08811419677734375,-0.0,-0.06551071166992188,-0.5710252405069259,0.616583160087115,-0.368241145694581,0.3976855944783512,0,0
1708433764.880766,0.08811419677734375,-0.0,-0.06551071166992188,-0.5702365500809998,0.6173126374512284,-0.36773246905609136,0.3981560176553843,0,0
1708433764.8890731,0.08811419677734375,-0.0,-0.06551071166992188,-0.5694469385271733,0.6180411053808829,-0.36722318195402737,0.3986257915463203,0,0
1708433764.8973875,0.08811419677734375,-0.0,-0.06551071166992188,-0.5686563692929958,0.6187685636784525,-0.3667132841690915,0.3990949118401874,0,0
1708433764.9057748,0.08811419677734375,-0.0,-0.06551071166992188,-0.56786491492191,0.6194950113906256,-0.3662027999768271,0.3995633807413194,0,0
1708433764.9140983,0.08811419677734375,-0.0,-0.06551071166992188,-0.5659840136249142,0.6216825649651495,-0.36526223851915507,0.39969537916447423,0,0
1708433764.9224293,0.08811419677734375,-0.0,-0.06551071166992188,-0.5653533295849089,0.6217882416640212,-0.36536924692781414,0.400325243676706,0,0
1708433764.9307628,0.08811419677734375,-0.0,-0.06551071166992188,-0.5636958915563386,0.6232916058344424,-0.3646954994307544,0.40093851281812476,0,0
1708433764.9390967,0.08811419677734375,-0.0,-0.06551071166992188,-0.5646897223412727,0.6223906630869254,-0.36415484227273065,0.4014307173922946,0,0
1708433764.9474316,0.08811419677734375,-0.0,-0.06551071166992188,-0.563429199159288,0.6235320726705254,-0.3637363949289222,0.4018098154262779,0,0
1708433764.9557621,0.08811419677734375,-0.0,-0.06551071166992188,-0.5630965821731526,0.623832392065877,-0.3631273175147739,0.40236045287742256,0,0
1708433764.9640958,0.08811419677734375,-0.0,-0.06551071166992188,-0.5618331546318166,0.6249705739842781,-0.36270788682793226,0.402738483104819,0,0
1708433764.9724293,0.08811419677734375,-0.0,-0.06551071166992188,-0.5610999833473403,0.6256288166577575,-0.36183955107818955,0.4035189231808283,0,0
1708433764.9807637,0.08811419677734375,-0.0,-0.06551071166992188,-0.5594322015336958,0.6271206640831563,-0.3611606940296077,0.404126538923245,0,0
1708433764.9890945,0.08811419677734375,-0.0,-0.06551071166992188,-0.5573585974372955,0.6289645421219582,-0.36022191072626353,0.40496317507422225,0,0
1708433764.9974277,0.08811419677734375,-0.0,-0.06551071166992188,-0.5535976899445171,0.6322782610242516,-0.3585979932271966,0.40640038233409026,0,0
1708433765.005761,0.08811419677734375,-0.0,-0.06551071166992188,-0.5511019283480053,0.6344555060564279,-0.3573931853994219,0.40745917523532066,0,0
1708433765.0140944,0.08811419677734375,-0.0,-0.06551071166992188,-0.550625793491452,0.6348668025150471,-0.35508387889792814,0.4094762642211438,0,0
1708433765.02243,0.08811419677734375,-0.0,-0.06551071166992188,-0.5471224184799868,0.6383446269163541,-0.3527324483149218,0.41079556369835746,0,0
1708433765.030763,0.08811419677734375,-0.0,-0.06551071166992188,-0.5429930935925293,0.6409530061615818,-0.35105901916001425,0.4136366781243372,0,0
1708433765.0390952,0.08811419677734375,-0.0,-0.06551071166992188,-0.5408222442385988,0.6432386093887995,-0.3487608076564275,0.4148750115454011,0,0
1708433765.04738,0.08811419677734375,-0.0,-0.06551071166992188,-0.5379388139408875,0.6456519599323551,-0.34690105125432114,0.4164313144043071,0,0
1708433765.0557609,0.08811419677734375,-0.0,-0.06551071166992188,-0.5354587164593904,0.6477102616638672,-0.34530143813613273,0.41775865097739,0,0
1708433765.0641081,0.08811419677734375,-0.0,-0.06551071166992188,-0.5324864749571345,0.6501560231969099,-0.34379586396858464,0.4189984582958547,0,0
1708433765.072427,0.08811419677734375,-0.0,-0.06551071166992188,-0.5301179776468412,0.6516421522651522,-0.3431627190814997,0.420210408789687,0,0
1708433765.0807257,0.08811419677734375,-0.0,-0.06551071166992188,-0.5279635157650988,0.653389312681338,-0.34218677864761643,0.4210049189114926,0,0
1708433765.0890956,0.08811419677734375,-0.0,-0.06551071166992188,-0.5279020981570329,0.6538838534809546,-0.3408413875791077,0.42140531994039426,0,0
1708433765.0974288,0.08811419677734375,-0.0,-0.06551071166992188,-0.5267165903886931,0.654839094587347,-0.3396629794762441,0.42235581528792787,0,0
1708433765.1057615,0.08811419677734375,-0.0,-0.06551071166992188,-0.5254599458101605,0.6558478959892643,-0.3388524723224644,0.4230063578744446,0,0
1708433765.1140966,0.08811419677734375,-0.0,-0.06551071166992188,-0.5230756560826251,0.6573082474936164,-0.338205054239668,0.4242111152766588,0,0
1708433765.1224165,0.08811419677734375,-0.0,-0.06551071166992188,-0.5220994338878732,0.6585262379937772,-0.336685010904518,0.4247335368507436,0,0
1708433765.1307619,0.08811419677734375,-0.0,-0.06551071166992188,-0.5197777132953202,0.6599191657510093,-0.3356581453781539,0.42622931332894753,0,0
1708433765.1390958,0.08811419677734375,-0.0,-0.06551071166992188,-0.5180887900312908,0.6612459435297966,-0.33456728322302687,0.42708611361162563,0,0
1708433765.1474307,0.08811419677734375,-0.0,-0.06551071166992188,-0.5161831804882835,0.6622947402450093,-0.333804182401818,0.4283635875164611,0,0
1708433765.1557732,0.08811419677734375,-0.0,-0.06551071166992188,-0.5139933117282877,0.6639957436498235,-0.33280980716649083,0.42913650079587473,0,0
1708433765.1641037,0.08811419677734375,-0.0,-0.06551071166992188,-0.5140636471446111,0.6648181584808568,-0.33150213269382856,0.4287909881660383,0,0
1708433765.1724293,0.08811419677734375,-0.0,-0.06551071166992188,-0.5125763995650848,0.665528070025422,-0.33100693702547784,0.42985139034884606,0,0
1708433765.1807609,0.08811419677734375,-0.0,-0.06551071166992188,-0.5115102204554176,0.6667847555161966,-0.32985524954014606,0.43005918219653344,0,0
1708433765.1891034,0.08811419677734375,-0.0,-0.06551071166992188,-0.511154627997975,0.667057479578146,-0.3292032708761535,0.43055832741144956,0,0
1708433765.1974325,0.08811419677734375,-0.0,-0.06551071166992188,-0.5093766071222396,0.6684160937528276,-0.32847911791191625,0.4311111735159603,0,0
1708433765.205762,0.08811419677734375,-0.0,-0.06551071166992188,-0.5090201774608649,0.6686876775432216,-0.3278255715368816,0.4316082380345208,0,0
1708433765.214096,0.08811419677734375,-0.0,-0.06551071166992188,-0.5085926408007837,0.6690128988386005,-0.32754960759627016,0.4318176866381364,0,0
1708433765.2224176,0.08811419677734375,-0.0,-0.06551071166992188,-0.5070286379426556,0.6697642499588548,-0.32742373996595325,0.43258698513662297,0,0
1708433765.2307653,0.08811419677734375,-0.0,-0.06551071166992188,-0.5066715894610083,0.6700344769571069,-0.3267677369727498,0.4330826110955636,0,0
1708433765.2390969,0.08811419677734375,-0.0,-0.06551071166992188,-0.5055230436440248,0.6713352891123995,-0.32599365729811625,0.43299366183498317,0,0
1708433765.2474303,0.08811419677734375,-0.0,-0.06551071166992188,-0.5035971939080905,0.6723481635760656,-0.32520744410546726,0.43425559726730306,0,0
1708433765.255763,0.08811419677734375,-0.0,-0.06551071166992188,-0.5032387727848431,0.6726165577013614,-0.3245489125720068,0.43474786738704824,0,0
1708433765.2640967,0.08811419677734375,-0.0,-0.06551071166992188,-0.5024500951014658,0.6732061611636977,-0.3236112407054266,0.43544590607641304,0,0
1708433765.2724295,0.08811419677734375,-0.0,-0.06551071166992188,-0.49992725767944524,0.6755126601283311,-0.32238454208210415,0.43568749318667005,0,0
1708433765.2807627,0.08811419677734375,-0.0,-0.06551071166992188,-0.49863101553201455,0.6764700554423508,-0.32154849565921395,0.4363048824309477,0,0
1708433765.2890964,0.08811419677734375,-0.0,-0.06551071166992188,-0.4971045509928082,0.6780219718349985,-0.32011429898435934,0.43669224521997796,0,0
1708433765.2974308,0.08811419677734375,-0.0,-0.06551071166992188,-0.4955993084195378,0.6786942980805492,-0.31959311875195073,0.43773920737279315,0,0
1708433765.3057647,0.08811419677734375,-0.0,-0.06551071166992188,-0.4938624345575515,0.6799591935497498,-0.3184729030833625,0.43855489114179086,0,0
1708433765.3140957,0.08811419677734375,-0.0,-0.06551071166992188,-0.4927606080334766,0.6811855157684497,-0.31731651247574955,0.43872942805503196,0,0
1708433765.3224282,0.08811419677734375,-0.0,-0.06551071166992188,-0.49117889687705024,0.681900289203801,-0.3171736305643581,0.4394953807993244,0,0
1708433765.3307626,0.08811419677734375,-0.0,-0.06551071166992188,-0.4912511080245273,0.6818482074709861,-0.3167886385417133,0.43977303900579295,0,0
1708433765.339096,0.08811419677734375,-0.0,-0.06551071166992188,-0.48963565182158636,0.6834352554778058,-0.31573541828617596,0.4398685370774774,0,0
1708433765.3474407,0.08811419677734375,-0.0,-0.06551071166992188,-0.4899427213300831,0.682788952785881,-0.3159447798337264,0.4403796927015215,0,0
1708433765.3557267,0.08811419677734375,-0.0,-0.06551071166992188,-0.4895061992917667,0.6831019785248578,-0.3156632272472677,0.4405815488853831,0,0
1708433765.3640943,0.08811419677734375,-0.0,-0.06551071166992188,-0.48906946156202563,0.6834147218877459,-0.31538156140007817,0.44078322784895063,0,0
1708433765.3724296,0.08811419677734375,-0.0,-0.06551071166992188,-0.48863253836291604,0.6837271859862821,-0.31509973707650296,0.440984728078306,0,0
1708433765.380763,0.08811419677734375,-0.0,-0.06551071166992188,-0.48724803387104026,0.6847145755712477,-0.3146401271031363,0.44131269481191315,0,0
1708433765.389095,0.08811419677734375,-0.0,-0.06551071166992188,-0.48660937394331594,0.6847434430356827,-0.3146696665823317,0.4419510529900083,0,0
1708433765.3974278,0.08811419677734375,-0.0,-0.06551071166992188,-0.4868828256116352,0.6849742600945825,-0.31397123928649623,0.4417889121562217,0,0
1708433765.4057634,0.08811419677734375,-0.0,-0.06551071166992188,-0.48624428103674205,0.6850026842659892,-0.3139995941436514,0.44242746860403276,0,0
1708433765.414096,0.08811419677734375,-0.0,-0.06551071166992188,-0.48644490549754443,0.685285328153741,-0.31368879431304214,0.4419895041520137,0,0
1708433765.4224296,0.08811419677734375,-0.0,-0.06551071166992188,-0.48620702072462585,0.6858786081914751,-0.31309556048829906,0.44175157512133967,0,0
1708433765.4307618,0.08811419677734375,-0.0,-0.06551071166992188,-0.48525726446553125,0.6865509510631627,-0.31291742240259585,0.44187766877563844,0,0
1708433765.4390843,0.08811419677734375,-0.0,-0.06551071166992188,-0.4853297971693106,0.6864996047244563,-0.31253057366479164,0.44215146001740346,0,0
1708433765.44743,0.08811419677734375,-0.0,-0.06551071166992188,-0.4852026679856117,0.6861655087693075,-0.31245288263497867,0.4428639348402553,0,0
1708433765.4557638,0.08811419677734375,-0.0,-0.06551071166992188,-0.4846912163125596,0.6865267990919919,-0.31255770520311343,0.44279008129712505,0,0
1708433765.4641013,0.08811419677734375,-0.0,-0.06551071166992188,-0.4846912163125596,0.6865267990919919,-0.31255770520311343,0.44279008129712505,0,0
1708433765.4724274,0.08811419677734375,-0.0,-0.06551071166992188,-0.48576851987599046,0.6861892445696102,-0.31281312602021477,0.44195161138178296,0,0
1708433765.4807618,0.08811419677734375,-0.0,-0.06551071166992188,-0.4883965465410858,0.6843212316677018,-0.31450575490348626,0.4407486930281203,0,0
1708433765.489095,0.08811419677734375,-0.0,-0.06551071166992188,-0.49081517614063247,0.6821620662769264,-0.31650749669817113,0.4399754388915366,0,0
1708433765.4974282,0.08811419677734375,-0.0,-0.06551071166992188,-0.4938624345575515,0.6799591935497498,-0.3184729030833625,0.43855489114179086,0,0
1708433765.5057664,0.08811419677734375,-0.0,-0.06551071166992188,-0.49575648217003304,0.6781502527817546,-0.32057339865037576,0.43768759163154464,0,0
1708433765.5141037,0.08811419677734375,-0.0,-0.06551071166992188,-0.49863101553201455,0.6764700554423508,-0.32154849565921395,0.4363048824309477,0,0
1708433765.5224395,0.08811419677734375,-0.0,-0.06551071166992188,-0.5004655650076669,0.6733848772487643,-0.32411601789662886,0.43707647379034503,0,0
1708433765.5307605,0.08811419677734375,-0.0,-0.06551071166992188,-0.5020836043025885,0.673911484800368,-0.32377531269203186,0.43465495369502777,0,0
1708433765.5390947,0.08811419677734375,-0.0,-0.06551071166992188,-0.5038049601914538,0.6726255826350285,-0.3248855538788482,0.433825722934923,0,0
1708433765.5474367,0.08811419677734375,-0.0,-0.06551071166992188,-0.5042347870224015,0.6723034208047641,-0.32516278538903154,0.43361797159520205,0,0
1708433765.55577,0.08811419677734375,-0.0,-0.06551071166992188,-0.5055230436440248,0.6713352891123995,-0.32599365729811625,0.43299366183498317,0,0
1708433765.5641005,0.08811419677734375,-0.0,-0.06551071166992188,-0.5059629564097713,0.6701349748048034,-0.32719389520690045,0.43343368317599723,0,0
1708433765.5724282,0.08811419677734375,-0.0,-0.06551071166992188,-0.5072378211132166,0.670040609442131,-0.32709965208281333,0.43215876212334453,0,0
1708433765.5807633,0.08811419677734375,-0.0,-0.06551071166992188,-0.5074566248184343,0.6694400294555893,-0.32770017867611634,0.432377615812349,0,0
1708433765.5890949,0.08811419677734375,-0.0,-0.06551071166992188,-0.5081020724363532,0.6685145404227784,-0.3285774299549419,0.43238578135465905,0,0
1708433765.5974288,0.08811419677734375,-0.0,-0.06551071166992188,-0.5092374983877934,0.6680864152391947,-0.32842623732956494,0.4318262431643108,0,0
1708433765.6057386,0.08811419677734375,-0.0,-0.06551071166992188,-0.508949284106083,0.6687415446098959,-0.32820350269952053,0.43132104595580534,0,0
1708433765.614059,0.08811419677734375,-0.0,-0.06551071166992188,-0.509166552075794,0.66814040605181,-0.32880459060687883,0.4315383606024461,0,0
1708433765.6224,0.08811419677734375,-0.0,-0.06551071166992188,-0.5100911439420988,0.6674348750026653,-0.3289780058168676,0.4314060390847756,0,0
1708433765.6307566,0.08811419677734375,-0.0,-0.06551071166992188,-0.5098806270810615,0.6671591015094162,-0.32930329994003277,0.43183308258238656,0,0
1708433765.6390986,0.08811419677734375,-0.0,-0.06551071166992188,-0.5098096294313361,0.6672132692564405,-0.3296818543924127,0.43154428850159376,0,0
1708433765.647427,0.08811419677734375,-0.0,-0.06551071166992188,-0.5102359875504621,0.6668872722812178,-0.32995764049883075,0.43133346998426325,0,0
1708433765.6557634,0.08811419677734375,-0.0,-0.06551071166992188,-0.5105220103248341,0.6662309583766313,-0.33018075542050096,0.4318382308259775,0,0
1708433765.6641064,0.08811419677734375,-0.0,-0.06551071166992188,-0.5105220103248341,0.6662309583766313,-0.33018075542050096,0.4318382308259775,0,0
1708433765.6724298,0.08811419677734375,-0.0,-0.06551071166992188,-0.5105220103248341,0.6662309583766313,-0.33018075542050096,0.4318382308259775,0,0
1708433765.6807625,0.08811419677734375,-0.0,-0.06551071166992188,-0.5102395518208244,0.666009333796167,-0.3308857061549732,0.4319743243720134,0,0
1708433765.6890965,0.08811419677734375,-0.0,-0.06551071166992188,-0.5107362847158857,0.665628587854145,-0.3307825571720676,0.4320531657405743,0,0
1708433765.6974297,0.08811419677734375,-0.0,-0.06551071166992188,-0.5107362847158857,0.665628587854145,-0.3307825571720676,0.4320531657405743,0,0
1708433765.7057614,0.08811419677734375,-0.0,-0.06551071166992188,-0.5107362847158857,0.665628587854145,-0.3307825571720676,0.4320531657405743,0,0
1708433765.7140942,0.08811419677734375,-0.0,-0.06551071166992188,-0.5102395518208244,0.666009333796167,-0.3308857061549732,0.4319743243720134,0,0
1708433765.7224278,0.08811419677734375,-0.0,-0.06551071166992188,-0.5106651447956821,0.665683060618898,-0.33116175544708276,0.4317627420413562,0,0
1708433765.730762,0.08811419677734375,-0.0,-0.06551071166992188,-0.5111616351245305,0.6653019963681068,-0.33105864827548565,0.4318416460062716,0,0
1708433765.7390947,0.08811419677734375,-0.0,-0.06551071166992188,-0.5106651447956821,0.665683060618898,-0.33116175544708276,0.4317627420413562,0,0
1708433765.7474284,0.08811419677734375,-0.0,-0.06551071166992188,-0.5106651447956821,0.665683060618898,-0.33116175544708276,0.4317627420413562,0,0
1708433765.7557657,0.08811419677734375,-0.0,-0.06551071166992188,-0.5109497818769388,0.6650259405961775,-0.3313846241223892,0.432267331091887,0,0
1708433765.764095,0.08811419677734375,-0.0,-0.06551071166992188,-0.5111616351245305,0.6653019963681068,-0.33105864827548565,0.4318416460062716,0,0
1708433765.7724285,0.08811419677734375,-0.0,-0.06551071166992188,-0.5104533676920935,0.6654069557931473,-0.331488048085398,0.4321881824725269,0,0
1708433765.780762,0.08811419677734375,-0.0,-0.06551071166992188,-0.5104533676920935,0.6654069557931473,-0.331488048085398,0.4321881824725269,0,0
1708433765.7890959,0.08811419677734375,-0.0,-0.06551071166992188,-0.5106651447956821,0.665683060618898,-0.33116175544708276,0.4317627420413562,0,0
1708433765.7974293,0.08811419677734375,-0.0,-0.06551071166992188,-0.5109497818769388,0.6650259405961775,-0.3313846241223892,0.432267331091887,0,0
1708433765.8057623,0.08811419677734375,-0.0,-0.06551071166992188,-0.5104533676920935,0.6654069557931473,-0.331488048085398,0.4321881824725269,0,0
1708433765.8140945,0.08811419677734375,-0.0,-0.06551071166992188,-0.5109497818769388,0.6650259405961775,-0.3313846241223892,0.432267331091887,0,0
1708433765.822428,0.08811419677734375,-0.0,-0.06551071166992188,-0.5109497818769388,0.6650259405961775,-0.3313846241223892,0.432267331091887,0,0
1708433765.8307636,0.08811419677734375,-0.0,-0.06551071166992188,-0.5111616351245305,0.6653019963681068,-0.33105864827548565,0.4318416460062716,0,0
1708433765.8390958,0.08811419677734375,-0.0,-0.06551071166992188,-0.5109497818769388,0.6650259405961775,-0.3313846241223892,0.432267331091887,0,0
1708433765.8474288,0.08811419677734375,-0.0,-0.06551071166992188,-0.5109497818769388,0.6650259405961775,-0.3313846241223892,0.432267331091887,0,0
1708433765.8557637,0.08811419677734375,-0.0,-0.06551071166992188,-0.5111616351245305,0.6653019963681068,-0.33105864827548565,0.4318416460062716,0,0
1708433765.8640969,0.08811419677734375,-0.0,-0.06551071166992188,-0.5109497818769388,0.6650259405961775,-0.3313846241223892,0.432267331091887,0,0
1708433765.872431,0.08811419677734375,-0.0,-0.06551071166992188,-0.5109497818769388,0.6650259405961775,-0.3313846241223892,0.432267331091887,0,0
1708433765.880766,0.08811419677734375,-0.0,-0.06551071166992188,-0.5104533676920935,0.6654069557931473,-0.331488048085398,0.4321881824725269,0,0
1708433765.8890967,0.08811419677734375,-0.0,-0.06551071166992188,-0.5111616351245305,0.6653019963681068,-0.33105864827548565,0.4318416460062716,0,0
1708433765.8974288,0.08811419677734375,-0.0,-0.06551071166992188,-0.5111616351245305,0.6653019963681068,-0.33105864827548565,0.4318416460062716,0,0
1708433765.9057624,0.08811419677734375,-0.0,-0.06551071166992188,-0.5104533676920935,0.6654069557931473,-0.331488048085398,0.4321881824725269,0,0
1708433765.9140966,0.08811419677734375,-0.0,-0.06551071166992188,-0.5111616351245305,0.6653019963681068,-0.33105864827548565,0.4318416460062716,0,0
1708433765.9224277,0.08811419677734375,-0.0,-0.06551071166992188,-0.5104533676920935,0.6654069557931473,-0.331488048085398,0.4321881824725269,0,0
1708433765.9307604,0.08811419677734375,-0.0,-0.06551071166992188,-0.5104533676920935,0.6654069557931473,-0.331488048085398,0.4321881824725269,0,0
1708433765.9390945,0.08811419677734375,-0.0,-0.06551071166992188,-0.5104533676920935,0.6654069557931473,-0.331488048085398,0.4321881824725269,0,0
1708433765.947428,0.08811419677734375,-0.0,-0.06551071166992188,-0.5109497818769388,0.6650259405961775,-0.3313846241223892,0.432267331091887,0,0
1708433765.9557624,0.08811419677734375,-0.0,-0.06551071166992188,-0.5111616351245305,0.6653019963681068,-0.33105864827548565,0.4318416460062716,0,0
1708433765.9640954,0.08811419677734375,-0.0,-0.06551071166992188,-0.5104533676920935,0.6654069557931473,-0.331488048085398,0.4321881824725269,0,0
1708433765.972429,0.08811419677734375,-0.0,-0.06551071166992188,-0.5104533676920935,0.6654069557931473,-0.331488048085398,0.4321881824725269,0,0
1708433765.980782,0.08811419677734375,-0.0,-0.06551071166992188,-0.5111616351245305,0.6653019963681068,-0.33105864827548565,0.4318416460062716,0,0
1708433765.9891067,0.08811419677734375,-0.0,-0.06551071166992188,-0.5109497818769388,0.6650259405961775,-0.3313846241223892,0.432267331091887,0,0
1708433765.997433,0.08811419677734375,-0.0,-0.06551071166992188,-0.5109497818769388,0.6650259405961775,-0.3313846241223892,0.432267331091887,0,0
1708433766.005761,0.08811419677734375,-0.0,-0.06551071166992188,-0.5104533676920935,0.6654069557931473,-0.331488048085398,0.4321881824725269,0,0
1708433766.0140939,0.08811419677734375,-0.0,-0.06551071166992188,-0.5109497818769388,0.6650259405961775,-0.3313846241223892,0.432267331091887,0,0
1708433766.022413,0.08811419677734375,-0.0,-0.06551071166992188,-0.5111616351245305,0.6653019963681068,-0.33105864827548565,0.4318416460062716,0,0
1708433766.0307224,0.08811419677734375,-0.0,-0.06551071166992188,-0.5104533676920935,0.6654069557931473,-0.331488048085398,0.4321881824725269,0,0
1708433766.0391102,0.08811419677734375,-0.0,-0.06551071166992188,-0.5109497818769388,0.6650259405961775,-0.3313846241223892,0.432267331091887,0,0
1708433766.0474393,0.08811419677734375,-0.0,-0.06551071166992188,-0.5109497818769388,0.6650259405961775,-0.3313846241223892,0.432267331091887,0,0
1708433766.055763,0.08811419677734375,-0.0,-0.06551071166992188,-0.5109497818769388,0.6650259405961775,-0.3313846241223892,0.432267331091887,0,0
1708433766.0640981,0.08811419677734375,-0.0,-0.06551071166992188,-0.5106651447956821,0.665683060618898,-0.33116175544708276,0.4317627420413562,0,0
1708433766.0724277,0.08811419677734375,-0.0,-0.06551071166992188,-0.5106651447956821,0.665683060618898,-0.33116175544708276,0.4317627420413562,0,0
1708433766.080761,0.08811419677734375,-0.0,-0.06551071166992188,-0.5104533676920935,0.6654069557931473,-0.331488048085398,0.4321881824725269,0,0
1708433766.0891001,0.08811419677734375,-0.0,-0.06551071166992188,-0.5109497818769388,0.6650259405961775,-0.3313846241223892,0.432267331091887,0,0
1708433766.0974276,0.08811419677734375,-0.0,-0.06551071166992188,-0.5111616351245305,0.6653019963681068,-0.33105864827548565,0.4318416460062716,0,0
